1,2.4,0.6667,126.22,3,2,1,2,1,1,1,18,3
2,1,0.6667,47.5,3,1,1,2,1,0.5,0,33,8
3,1.7,0.3333,73.75,2,0.5,1,3,1,0.5,0,34,6
4,2.4,1,114.44,3,2,1,1,0,1,1,17,4
3,2.4,1,110.83,3,2,0,2,1,0.5,1,33,4
5,1.7,1,83.57,2,2,0,2,1,0.5,0,34,6
5,2.2,1,95.26,2,2,0,2,1,0.5,1,33,4
3,1.7,0.6667,78.93,2,2,1,2,1,0.5,0,18,3
6,1.7,1,77,2,2,0.5,2,1,0.5,0,27,6
1,1.7,1,88.07,1,2,1,2,1,1,1,33,4
2,2.2,1,143.25,3,2,1,4,1,0.5,1,47,6
3,2.4,0.6667,132.02,1,2,0.5,2,1,0.5,0,33,5
1,2.2,0.3333,93.77,1,2,1,2,1,0.5,0,24,4
1,1.5,0.6667,94.84,2,2,0,2,1,0.5,0,45,4
1,1.7,1,88.15,1,2,0,2,1,0.5,0,33,4
3,2.2,0.6667,106.45,2,2,0,2,1,1,0,33,4
3,1.5,1,59.74,2,2,1,2,1,1,0,26,4
2,1.7,0.6667,84.07,2,2,0.5,1,0.5,0.5,1,6,2
3,1.7,1,62.32,2,2,1,2,1,1,0,18,4
1,2.2,0.6667,90.99,3,2,1,2,1,1,1,34,4
2,2.4,1,128.73,2,2,0,1,0.5,0.5,1,6,2
7,1.5,0.6667,68,0,2,0.5,1,0,1,1,7,2
14,1.7,0.3333,78,2,2,0,3,1,0.5,1,49,8
5,2.4,0.6667,116,2,2,1,2,1,0.5,0,30,4
3,1.5,1,73.17,2,2,1,2,1,1,0,33,5
1,2.9,0.6667,152.98,1,2,0,2,1,0.5,1,32,4
4,2,1,92.29,3,2,1,2,1,1,1,26,4
6,2.2,0.6667,86.38,2,2,1,2,1,0.5,0,24,4
2,1.5,0.3333,84.4,1,2,1,2,1,0.5,0,34,4
1,2.4,0.6667,116.44,3,2,0.5,1,1,0.5,1,11,2
2,2,0.3333,84,2,2,0,1,0,0.5,0,34,4
2,2.2,0.6667,95.88,2,2,1,2,1,1,1,32,4
1,2.2,0.3333,87.04,3,2,1,2,1,1,1,24,4
1,2.4,0.6667,115.42,3,2,1,2,1,1,1,18,4
1,2.4,1,120.44,2,2,1,2,1,1,0,24,4
8,2.4,0.6667,123.33,3,2,0.5,1,1,0.5,1,11,2
6,1.7,0.3333,83.64,2,2,1,2,1,0.5,1,30,4
2,1.7,1,77.55,2,2,0,1,0,1,1,32,5
1,1.7,0.6667,89.76,1,2,0.5,2,1,1,1,32,4
3,2.2,0.6667,94.61,2,2,1,2,1,0.5,0,25,4
8,1.5,0.3333,77,2,2,0,3,1,0.5,0,33,6
3,2.2,1,84,2,2,1,3,1,1,0,34,9
3,1.5,0.6667,66.93,1,0.2,1,1,1,0.5,1,11,5
2,1.5,1,99.4,3,2,0.5,1,1,0.5,0,11,2
3,2,0.3333,89.8,2,2,0,2,1,0.5,0,27,4
1,2.2,0.6667,90.96,2,2,1,2,1,0.5,1,30,4
9,3.4,1,297.44,2,2,0.5,1,0.5,0.5,1,6,2
7,1,0.6667,52,2,2,1,2,1,0.5,1,18,4
8,1.5,0.6667,57.22,2,2,0.5,1,0.5,1,1,6,2
4,1.7,0.6667,82.74,3,2,1,2,1,0.5,1,17,3
3,2.4,1,105.08,2,2,1,3,1,1,0,27,6
1,1.7,0.6667,85.05,1,2,0,2,1,1,1,33,4
4,2.2,1,96.89,2,2,0.5,3,1,1,1,32,6
14,2.2,1,99.36,2,2,1,3,1,0.5,1,46,4
2,1.5,0.3333,86.66,3,2,1,2,1,0.5,1,18,8
9,1.7,1,93,1,2,1,2,1,1,1,18,4
2,2.2,1,104.85,2,2,1,1,1,0.5,1,11,2
14,1.7,1,88.8,3,1,1,4,1,0.5,0,33,8
3,2.4,1,98.65,2,2,0,1,0.5,0.5,1,7,2
1,1.7,0.6667,68.49,2,2,1,2,1,1,0,33,6
1,1.7,0.6667,87.16,2,2,1,2,1,0.5,0,33,4
6,1,0.3333,60.89,2,2,0.5,1,0,1,1,25,8
1,2.9,0.3333,127.37,2,2,0,2,1,0.5,0,26,4
2,2.2,1,96,2,2,0,2,1,1,0,33,4
3,1.5,0.3333,55.01,2,0.5,1,2,1,0.5,1,25,6
2,1,0.6667,57.26,2,2,1,2,1,0.5,0,33,5
7,2.4,0.6667,111.2,2,2,0,2,1,0.5,0,33,5
1,2.2,0.3333,91,2,2,0,2,1,1,0,34,4
1,2.2,0.6667,128.71,2,2,0,2,1,1,1,18,4
4,1,0.6667,51.71,2,0.5,1,2,1,1,1,27,5
9,2,0.3333,91.72,2,2,0.5,1,0.5,0.5,1,6,4
14,2.4,0.3333,133.41,3,2,1,1,0.5,1,1,7,2
14,2.2,1,107.19,2,2,0,4,1,0.5,1,51,6
7,1.7,0.6667,72.83,2,2,0,2,1,0.5,1,45,6
2,2.2,0.3333,96,2,2,0,2,1,1,0,29,4
7,1.5,0.3333,77.52,2,2,0.5,2,1,0.5,1,32,6
1,1,1,46.98,2,1,1,4,1,1,0,27,5
1,2.4,0.3333,121.96,2,2,0.5,1,1,1,0,12,3
7,2.4,1,140.15,3,2,1,1,1,0.5,0,11,2
1,1.5,1,72.67,3,2,1,2,1,0.5,0,34,6
1,2.9,1,146.83,3,2,1,1,1,1,0,9,4
7,2.2,1,108,2,2,0,2,1,0.5,1,28,4
7,1.5,1,71.29,2,2,0.5,1,0.5,0.5,1,7,3
3,2.4,0.3333,108.49,2,2,0,2,1,0.5,0,33,4
4,1.7,0.3333,90.35,2,2,1,2,1,0.5,0,32,5
7,1.5,0.6667,78.99,2,2,0,2,1,1,1,11,4
3,1.7,0.3333,80.93,2,2,0.5,2,1,0.5,1,18,4
1,2.4,1,131,3,2,0,2,1,0.5,1,18,4
8,1.5,1,63.08,3,0.5,0.5,1,0,1,1,9,9
14,1.7,0.6667,62.58,2,2,1,1,0.5,0.5,1,7,2
9,2.2,0.6667,81,2,2,0.5,1,0.5,1,1,7,4
5,2.4,1,96.37,2,2,1,1,0.5,0.5,0,7,3
5,2.4,0.6667,115,2,2,0.5,2,1,0.5,1,32,4
3,2.2,0.6667,117.84,1,2,1,2,1,1,0,33,4
14,2.2,0.6667,82.47,2,2,1,1,0.5,1,1,7,2
3,1.7,0.6667,88.7,3,2,1,2,1,0.5,0,33,4
3,2.2,1,93.08,2,2,1,1,0,1,0,28,4
1,1.7,0.3333,77.44,1,2,1,2,1,1,1,18,4
9,1.5,0.6667,94.47,2,2,1,2,1,1,1,27,4
7,1.5,1,75,2,2,1,2,1,0.5,0,18,4
4,1.7,1,71.61,2,0.2,0.5,2,1,1,0,11,6
4,1.5,0.6667,78.29,2,2,0.5,1,0,1,1,6,2
3,2.2,0.3333,88.41,2,2,0.5,2,1,1,1,25,4
3,1.7,1,60.26,3,2,1,2,1,0.5,1,18,4
1,1.7,1,78.08,3,2,1,2,1,0.5,0,34,6
3,2.4,0.3333,125,2,2,0.5,1,1,1,1,5,1
2,1.7,0.3333,96.61,1,2,1,2,1,0.5,1,32,3
3,1.7,0.6667,79.74,2,2,1,1,0,0.5,1,11,3
1,1.7,0.3333,91,3,2,0,4,1,1,1,31,8
3,1.7,0.6667,85.05,2,2,0,2,1,0.5,1,27,4
1,2.2,0.6667,90.99,3,2,0,2,1,0.5,1,34,4
4,1.5,0.3333,73.35,2,2,1,1,0.5,1,1,8,4
10,2.4,0.6667,109,2,2,1,2,1,1,0,34,4
6,1.7,1,83.85,3,2,0,1,0,1,1,17,4
1,1.7,1,78.57,2,2,0,2,1,0.5,0,31,5
2,1.5,0.3333,76.83,1,2,1,3,1,0.5,0,31,5
6,2.2,1,118.39,2,2,0,2,1,1,0,25,4
1,2.2,0.3333,119.32,1,2,0.5,2,1,0.5,1,29,6
3,1.7,0.3333,55.93,3,2,1,3,1,0.5,0,33,8
2,1.7,1,91.51,2,2,0.5,2,1,0.5,1,18,3
14,1.5,1,88.17,2,2,0.5,3,1,1,0,45,5
3,1.5,1,85,2,2,1,2,1,1,1,34,4
14,1,0.3333,59.55,2,1,1,4,1,0.5,1,33,6
6,2.2,0.3333,107.11,2,2,1,1,0,1,1,6,2
14,2.2,1,92.95,2,2,0,2,1,0.5,1,18,3
2,0.8,0.6667,35.88,3,1,1,2,1,0.5,1,18,6
4,1.7,0.3333,90.95,2,2,1,2,1,1,0,34,4
3,1.7,1,74,2,2,1,2,1,1,0,34,5
1,2.2,0.3333,86.1,2,2,1,2,1,0.5,0,24,4
7,2,0.3333,112,2,2,0,2,1,1,0,34,4
10,1.7,0.3333,73,2,2,1,2,1,0.5,0,33,4
14,1.5,1,79,3,1,1,3,1,0.5,0,48,8
1,1.7,0.3333,79.86,2,2,1,5,1,1,0,57,10
1,2.4,0.3333,128.28,2,2,1,1,0.5,0.5,1,6,2
3,2.2,0.3333,110.89,2,2,1,2,1,1,0,34,4
5,2.4,1,117.1,3,2,0.5,2,1,1,0,31,4
3,1.7,0.3333,83.1,2,2,1,2,1,0.5,1,18,4
3,1.5,0.6667,91.37,2,2,1,2,1,1,0,28,4
1,2.4,0.3333,141.26,2,2,1,2,1,0.5,0,28,4
9,1.5,1,79.34,2,2,0.5,1,1,0.5,1,11,4
14,2.2,0.6667,97,2,2,1,1,0,1,0,32,4
14,2.2,0.6667,96.8,2,2,0,3,1,0.5,1,49,8
4,2,0.6667,102.8,1,2,0.5,1,0.5,1,1,7,2
5,1.7,1,81.79,2,2,0.5,2,1,1,1,18,4
5,2.4,0.6667,117.4,2,2,0,2,1,1,0,27,4
7,1.7,1,87.12,1,2,0,1,0.5,1,0,32,4
9,2.2,0.6667,83.14,2,2,1,1,1,1,0,11,4
8,1.7,0.6667,78.33,1,2,0.5,2,1,1,0,32,5
1,2.4,1,129.05,3,2,0,1,1,0.5,1,11,3
14,1.5,0.3333,99.43,2,0.5,1,3,1,0.5,0,32,6
1,2.4,0.6667,134.94,3,2,0.5,2,1,1,1,32,4
6,2.2,1,91.45,2,2,0,1,0,1,0,32,4
1,2.2,0.3333,94.5,3,0.2,0.5,3,1,1,1,18,7
2,1,0.6667,48,3,1,1,3,1,1,1,30,12
3,2.2,1,103.1,2,2,0,2,1,0.5,0,33,4
3,1.7,1,72.13,2,2,1,3,1,0.5,0,32,12
3,1.7,0.6667,80,3,2,1,2,1,0.5,0,32,4
2,2.2,0.3333,88.65,3,2,0,3,1,0.5,1,29,5
14,2.4,1,125.79,3,2,0,3,1,0.5,1,57,5
7,2.4,0.6667,151.08,2,2,1,2,1,1,0,11,3
4,1.7,1,56.57,2,1,1,1,0,0.5,1,8,3
3,1.7,1,69.83,2,0.5,1,1,1,0.5,0,11,3
4,1.7,0.3333,81,2,2,1,2,1,1,1,18,6
11,1.5,1,87,2,2,0,1,0,0.5,0,33,4
1,2.4,1,118,1,2,1,2,1,1,0,29,6
1,2.4,0.3333,121.4,1,2,0.5,2,1,1,1,33,4
9,2.2,0.3333,95.73,1,2,1,3,1,1,1,18,6
7,1.5,1,54.82,2,0.2,0.5,1,0.5,0.5,1,6,4
4,2.4,0.3333,143.87,3,2,0.5,1,0,0.5,1,26,4
3,1.7,1,81,2,2,1,2,1,0.5,0,32,4
3,1.7,1,90.49,1,2,0.5,2,1,0.5,0,33,4
1,2.4,0.3333,108.2,2,2,1,1,0.5,1,1,6,2
1,1.7,0.3333,74,2,2,1,2,1,1,0,33,6
4,1.7,1,90.51,3,2,1,2,1,0.5,1,34,6
1,1.7,1,87.86,2,2,1,1,1,0.5,0,13,3
11,1.5,0.3333,84.81,1,2,0,2,1,0.5,1,34,7
2,1.5,0.6667,103.75,2,2,0.5,1,0,1,0,8,2
2,1,1,48.98,2,2,0.5,3,1,0.5,0,18,4
3,2.2,1,95,3,2,0.5,1,0,0.5,1,25,4
2,1.7,0.6667,96,2,2,1,1,0.5,0.5,1,6,2
3,1.7,0.6667,75,2,2,1,2,1,0.5,0,18,4
3,1.7,0.6667,84.18,2,2,1,2,1,0.5,1,24,6
3,2.4,0.6667,129.45,2,2,1,1,0.5,0.5,1,7,2
3,2.2,0.6667,96.38,2,2,1,1,0.5,0.5,0,6,2
2,1,0.3333,53.88,3,2,1,1,0.5,0.5,1,8,3
1,1.7,1,100.59,2,2,0,1,0,0.5,0,40,8
7,1.7,0.3333,72.15,1,2,1,1,0,0.5,0,28,6
6,2.2,0.6667,85.82,2,2,0,1,0,0.5,0,25,4
1,2.4,1,119.8,3,2,1,1,0,0.5,1,24,5
2,1.5,0.6667,82.06,2,2,1,2,1,0.5,0,32,4
2,1.5,1,89.28,1,2,1,2,1,1,0,34,4
6,2.4,1,135.26,2,2,0.5,1,0,0.5,0,6,2
5,1.7,0.6667,80.66,3,2,1,2,1,0.5,0,33,4
1,1.5,0.3333,101.7,3,2,0,2,1,0.5,0,28,8
6,2.2,1,91.47,2,2,0,2,1,0.5,0,27,4
1,2.4,1,138.79,2,2,1,2,1,0.5,0,32,3
14,2.4,0.6667,152.82,2,2,0.5,2,1,0.5,1,17,2
7,2.4,0.6667,120.94,1,2,0,1,0,1,0,45,6
2,2.2,0.6667,91.7,3,2,1,2,1,0.5,1,11,4
14,1.7,0.3333,72.61,2,2,1,3,1,0.5,0,46,6
14,1.5,0.3333,83.43,2,2,0,3,1,0.5,0,42,5
7,2.2,1,89.86,2,2,0.5,2,1,1,0,34,4
2,1.7,0.3333,79.55,3,2,0.5,2,1,1,1,32,4
3,1.7,0.3333,76.82,3,2,0,2,1,0.5,0,29,4
5,1.7,1,91,2,2,0,2,1,0.5,0,18,4
14,2.4,1,117.11,2,2,1,4,1,0.5,0,48,8
3,2.2,0.6667,95,2,2,0.5,1,0,1,1,32,4
6,2.4,1,137.35,2,2,0,1,0,0.5,0,18,2
1,2.2,1,90.8,2,2,0,1,0,1,0,49,4
7,2.2,0.6667,94,2,2,0,2,1,1,1,38,6
1,1.7,1,82,2,2,1,1,0,1,0,34,4
6,1.7,0.3333,74.38,2,2,1,2,1,1,1,25,4
6,2.9,0.6667,140.56,2,2,0,2,1,0.5,0,18,2
9,2.2,0.3333,84.67,2,2,1,1,0,0.5,1,31,4
10,1,0.6667,46,3,1,0,6,1,0.5,0,33,8
10,1.7,1,67.55,2,2,1,2,1,1,1,18,4
14,1.7,0.6667,69.53,2,2,0.5,1,0,1,1,6,5
1,1.5,0.6667,87.72,1,2,1,2,1,1,0,32,4
7,1.5,1,78.53,2,2,1,1,0.5,0.5,0,7,2
1,2.2,0.6667,102.03,3,2,1,1,0.5,1,1,7,2
6,2.9,0.6667,138.82,2,2,1,1,0,0.5,1,5,2
1,1.7,1,83.76,1,2,1,2,1,1,0,49,4
14,2.2,0.6667,82.54,2,2,1,1,0.5,0.5,1,7,2
9,2.2,1,91.64,2,2,1,2,1,0.5,0,32,4
1,2.4,0.6667,143.92,2,2,1,1,1,1,0,11,2
8,1,0.3333,58.79,3,0.5,1,1,0.5,0.5,1,12,9
14,2.4,0.6667,128.62,2,2,0,2,1,0.5,1,32,4
3,1.7,0.6667,83.16,2,2,1,2,1,0.5,0,32,4
7,2.2,1,92.93,2,2,1,2,1,1,0,34,4
7,2.4,0.6667,130.06,2,2,1,1,1,0.5,1,11,2
1,1.7,0.6667,89.31,2,2,1,2,1,0.5,0,26,4
7,2.4,0.6667,129.8,2,2,1,1,1,1,0,12,2
3,2.4,0.3333,108.06,2,2,1,2,1,0.5,0,34,4
14,1.5,0.3333,44.31,2,2,1,2,1,1,0,20,10
1,2.4,0.3333,150.67,2,2,0.5,1,0.5,1,1,7,2
1,2.4,0.3333,175,2,2,1,2,1,0.5,0,46,2
1,2.2,1,90.2,1,2,1,2,1,1,1,29,6
2,1.7,0.6667,83.83,2,2,0,2,1,1,0,32,4
7,2.2,0.6667,94.34,3,2,1,1,1,1,0,12,4
8,1.7,0.3333,96.91,2,2,1,3,1,1,0,53,4
5,2.4,1,135.28,2,2,1,1,1,0.5,1,11,2
2,1.5,0.3333,75.15,3,2,0,1,0,1,0,32,6
4,1,0.6667,50.69,3,0.2,1,2,1,0.5,1,27,7
4,2,0.3333,93.03,1,2,0,2,1,0.5,0,33,4
5,1.7,0.3333,83.91,2,2,1,2,1,1,0,30,5
14,1.7,1,96.5,2,2,0.5,1,0.5,1,1,6,2
4,1.5,0.6667,54.93,3,2,0.5,3,1,0.5,1,9,6
9,2,0.3333,76.26,2,2,0.5,1,0.5,0.5,1,6,2
7,2,1,91.31,2,2,1,2,1,1,1,18,3
6,1.2,0.6667,59.76,2,2,1,2,1,0.5,1,25,8
2,1.7,0.6667,88.7,2,2,0,2,1,1,0,34,4
6,2.4,0.3333,128.94,2,2,1,1,0.5,0.5,1,6,2
1,1.5,0.6667,88.8,2,2,1,2,1,1,1,14,4
5,1.7,1,86.97,2,2,0,1,0,0.5,0,30,4
12,2.2,0.3333,90.18,2,2,1,2,1,0.5,0,33,4
7,1.5,0.6667,66.97,2,2,1,2,1,1,1,11,4
10,1.5,0.3333,81,2,2,0,2,1,0.5,0,32,5
4,1.7,1,93.09,2,2,1,2,1,1,0,34,6
7,2.7,0.3333,131,1,2,1,2,1,1,0,34,4
4,2,0.6667,86,2,2,0.5,1,0.5,1,1,8,4
10,1.5,1,79.78,2,2,1,2,1,1,1,34,4
2,1,1,43.01,3,0.2,1,2,1,0.5,1,19,6
4,2.4,0.6667,130.94,3,2,0,2,1,1,1,32,4
14,1,1,56.5,2,2,1,4,1,1,0,45,9
4,1,0.3333,38.29,2,2,1,1,0,0.5,1,18,5
2,0.8,1,38,3,1,0.5,2,1,0.5,1,19,6
4,2,1,91.49,2,2,0,2,1,1,1,40,4
2,2.2,0.6667,89,1,2,1,2,1,1,1,33,6
8,1,1,52.09,2,2,1,2,1,0.5,1,33,6
1,2,1,91.98,2,2,0.5,2,1,1,1,15,4
1,0.8,0.6667,34.75,2,0.2,0.5,4,1,1,1,22,8
7,1.7,1,82.05,2,2,1,2,1,1,0,29,3
10,0.9,0.3333,39.94,1,2,1,1,1,0.5,0,11,7
3,1.5,0.3333,65.06,2,2,0.5,1,0,1,1,7,2
2,1.5,1,82.04,2,2,1,2,1,0.5,1,32,4
2,2.2,0.6667,105.42,1,2,1,3,1,0.5,1,32,6
1,2.4,1,139,3,2,1,1,1,0.5,1,12,4
14,1.7,0.6667,71.91,2,2,1,3,1,0.5,0,35,5
2,2.4,0.6667,124.68,2,2,1,2,1,0.5,1,18,4
1,2.2,1,90.8,2,2,0,2,1,1,0,49,4
1,1.7,1,80,2,2,1,2,1,1,1,20,6
1,1.7,0.3333,87.27,2,2,0.5,2,1,0.5,0,39,5
1,1,0.6667,39.29,3,2,1,4,1,1,0,46,8
10,2.4,0.3333,100.22,1,2,1,1,0.5,1,0,7,2
1,1.5,0.3333,85.18,2,2,0.5,2,1,0.5,0,19,4
9,1.7,0.6667,77,2,2,0.5,2,1,0.5,0,27,4
9,1.5,0.3333,71.35,2,2,1,2,1,1,0,29,4
10,2.4,0.6667,125.46,2,2,1,1,0,0.5,0,5,2
9,1.7,0.6667,81.63,1,2,1,1,0,1,1,5,2
1,2.2,0.6667,100.01,2,2,0,2,1,0.5,0,34,4
4,1.7,0.3333,89.47,2,2,0.5,2,1,1,1,34,4
5,1.7,1,90.97,2,2,1,1,1,0.5,0,11,5
7,1.5,0.6667,63.42,3,0.2,1,3,1,0.5,0,18,8
14,1.5,1,70.56,2,2,0.5,1,0.5,1,0,6,2
10,2.2,0.6667,90,2,2,0,2,1,1,0,32,4
6,2.2,0.3333,88.16,2,2,1,2,1,1,1,18,4
6,2.4,0.6667,100.36,2,2,0,2,1,1,1,27,4
2,2.4,1,118,1,2,0,3,1,1,0,46,4
14,1.2,1,58.44,2,2,0.5,1,0.5,0.5,1,7,4
1,2.2,0.3333,99.3,2,2,1,1,1,1,0,11,4
2,1,0.6667,42.74,2,2,1,1,0.5,1,1,8,7
1,2.9,1,164.28,2,2,1,1,1,0.5,1,13,4
8,0.8,1,38.58,3,2,0.5,3,1,0.5,1,26,6
14,1.7,1,92.52,2,2,1,2,1,0.5,1,32,4
4,2.4,0.6667,141.51,1,2,1,3,1,0.5,0,48,3
7,1.7,1,104.15,1,2,1,2,1,1,1,31,4
4,1.7,0.6667,90.98,2,1,0.5,1,0,0.5,1,11,2
2,1,0.3333,46.72,3,2,1,3,1,1,1,30,12
3,2.2,1,115.22,2,2,1,1,0.5,1,0,6,2
2,1.5,0.6667,70.64,3,2,1,1,0.5,1,0,7,2
8,2.4,0.3333,115.36,2,2,1,2,1,0.5,1,28,3
2,2.4,0.3333,136.04,1,2,0.5,2,1,0.5,0,32,4
7,2.4,0.6667,110.15,2,2,0,2,1,1,0,34,4
1,2,0.6667,88.52,3,2,0.5,1,1,0.5,1,11,5
1,1.7,1,94.83,2,2,1,2,1,0.5,1,32,4
7,2.4,0.6667,140.45,3,2,1,2,1,0.5,1,32,3
3,0.8,0.6667,45.13,3,2,0.5,1,1,0.5,0,22,7
4,2.4,0.6667,134.26,2,2,1,2,1,0.5,0,32,3
3,2.2,1,69.52,2,2,1,1,0.5,0.5,0,6,2
1,1.5,1,89.43,2,2,0.5,2,1,0.5,1,33,4
4,1.5,1,73.24,2,2,0.5,1,0.5,0.5,1,9,4
7,2.2,0.6667,98.8,3,2,0.5,2,1,0.5,1,18,4
2,2.2,0.6667,95.23,0,2,1,2,1,0.5,1,12,8
4,1,0.6667,53.12,2,2,0.5,1,0.5,0.5,1,6,3
2,2.2,0.6667,115.81,2,2,0.5,1,0,0.5,1,9,5
1,2.9,0.6667,144.38,3,2,1,2,1,0.5,1,16,6
4,1.7,0.3333,70.33,3,2,1,2,1,1,1,32,4
3,1,0.6667,49.21,3,2,0.5,3,1,0.5,0,32,4
2,1,1,56.46,3,2,0.5,2,1,0.5,0,18,8
9,2.4,0.3333,131.05,2,2,0.5,1,0.5,1,1,7,2
2,1.5,0.6667,72.5,3,2,0.5,1,0.5,1,1,8,4
14,1.5,0.6667,100.02,2,2,0.5,2,1,1,1,32,4
14,1.7,1,89,3,2,1,4,1,0.5,0,57,6
4,2.2,0.6667,91.44,2,2,0.5,2,1,1,0,34,4
8,2,0.3333,111.57,2,2,0.5,3,1,1,1,30,8
1,2.2,0.6667,98.08,2,2,1,2,1,0.5,1,18,4
7,1.5,1,79.37,3,2,1,1,1,1,1,11,3
6,1.7,1,85.54,2,2,0,1,0,1,0,30,4
4,1.5,0.3333,102.07,3,2,1,2,1,1,0,27,7
7,1.7,0.6667,78.03,3,2,0.5,1,1,0.5,1,11,5
1,2.4,0.3333,126.65,2,2,1,2,1,0.5,0,18,3
7,1.5,1,89.3,2,2,1,2,1,0.5,0,32,5
4,1.5,1,69.48,2,0.2,1,3,1,0.5,1,29,8
1,2.4,0.3333,106,2,2,0.5,2,1,0.5,1,30,4
2,1,1,57.35,2,2,1,3,1,0.5,0,28,3
4,2.4,0.3333,143,3,2,1,1,0,1,1,17,3
14,1.7,1,89.6,3,2,0.5,4,1,1,0,57,6
14,2,0.3333,87.01,2,2,1,2,1,0.5,1,45,5
11,2.2,1,108.18,2,2,0,2,1,1,1,17,4
1,1.7,0.6667,87.77,2,2,0.5,2,1,1,0,26,4
8,2.2,0.6667,107.94,2,2,0,2,1,0.5,0,32,6
7,2.2,1,88.47,1,2,1,3,1,1,1,34,6
4,2.4,0.6667,124,1,2,0,1,1,1,1,47,3
1,2.4,1,118.59,1,2,1,2,1,0.5,0,33,4
6,1.2,0.3333,58.06,1,2,1,2,1,1,0,28,6
2,2.2,0.3333,85.03,2,2,0,1,0,1,0,34,4
1,1.7,0.6667,78.44,1,2,1,1,0,0.5,0,34,6
14,2.4,0.6667,138,2,1,1,3,1,0.5,0,30,7
10,2.2,0.6667,103,3,2,0.5,1,0.5,1,1,7,2
2,1.7,0.6667,82.6,2,2,1,2,1,1,0,18,4
3,1.7,0.6667,82.64,2,2,1,2,1,1,0,18,4
9,1.7,0.3333,72,2,2,1,2,1,1,1,29,4
3,2.2,0.3333,112.4,2,2,0,2,1,0.5,0,30,4
2,2.2,1,97.64,2,2,0.5,2,1,0.5,0,32,4
2,2.9,0.6667,133.67,2,2,1,2,1,0.5,0,34,4
4,2.4,1,145.42,2,2,0.5,1,1,0.5,1,9,2
4,1,0.6667,51.9,3,2,0.5,2,1,0.5,1,28,3
10,2.4,0.6667,119.18,3,2,1,1,1,0.5,0,6,2
2,1.5,1,50.19,2,2,1,2,1,1,1,31,8
9,2.9,0.6667,98.86,2,2,0,1,1,0.5,0,8,4
14,1,0.6667,42.49,2,2,0.5,1,0.5,0.5,1,7,5
3,1.7,0.6667,73.18,2,2,1,2,1,1,0,32,4
4,1.7,0.3333,88,3,2,1,2,1,0.5,1,18,4
2,2.2,1,113.7,2,2,0.5,2,1,0.5,0,33,4
4,2.2,1,95.86,0,2,0,2,1,1,1,18,3
7,2,0.3333,88,1,2,1,3,1,1,0,34,6
2,2,0.3333,105,2,2,0,2,1,0.5,1,41,4
6,2.4,1,120,2,2,1,1,0,0.5,0,18,5
7,2.4,0.6667,135.17,1,2,1,2,1,1,0,32,4
5,1.7,1,84.61,2,2,1,2,1,1,1,25,6
1,2.2,0.6667,87.61,1,2,0.5,2,1,0.5,0,27,4
7,2.4,0.6667,111.68,1,2,1,3,1,1,0,34,6
1,1,0.3333,46.05,2,2,1,4,1,0.5,0,22,5
1,1.7,0.3333,78.96,2,2,1,1,0,1,0,15,3
2,1.7,0.3333,88.96,3,2,1,1,0,1,0,17,4
9,1.7,1,70,1,2,0,1,0,1,1,18,4
8,1.5,0.3333,66.54,3,2,1,1,0,1,1,5,2
3,1.7,1,90.75,2,2,0.5,2,1,0.5,1,18,3
2,2.4,1,115.93,1,2,0,2,1,0.5,1,32,4
7,2.2,1,91.27,2,2,1,2,1,1,0,42,5
1,2.2,0.6667,93.58,3,2,0.5,2,1,0.5,0,34,6
1,1.7,1,72.41,2,2,1,2,1,1,0,33,6
14,1.5,1,90,2,2,1,2,1,0.5,0,27,4
8,2.2,0.3333,90.49,2,2,0,2,1,1,0,47,4
3,2.4,0.3333,132,2,2,0,1,0,1,1,33,2
4,3.1,0.3333,180,1,2,1,2,1,1,0,32,4
5,2.4,1,125,2,2,1,2,1,0.5,1,32,6
9,1.7,0.6667,85.88,2,1,0.5,1,0,0.5,0,6,2
4,2,0.6667,92.76,3,2,0.5,1,0.5,1,1,8,2
7,1,0.3333,43.81,2,2,1,2,1,1,0,18,5
1,2.2,0.6667,96.75,2,2,0,2,1,1,0,31,4
14,1.5,0.6667,68.79,3,0.5,0.5,4,1,1,1,32,10
2,2.2,0.6667,96.73,1,2,1,2,1,1,0,33,2
13,2.4,0.3333,107,3,2,0,2,1,0.5,0,28,4
3,2.4,0.6667,113,2,2,1,1,0,1,0,30,4
2,2.4,0.6667,137,3,2,1,1,1,0.5,1,10,2
14,2.4,0.6667,145.79,2,2,1,1,1,1,1,12,2
3,2.2,0.6667,89,2,2,1,2,1,1,0,34,4
14,2.2,0.6667,117,2,2,0,2,1,1,0,31,4
14,1.7,0.3333,90.88,2,2,0.5,2,1,0.5,1,18,6
7,1.9,1,104.38,2,2,1,1,1,0.5,1,11,2
11,1,0.6667,38.76,1,0.2,1,2,1,0.5,0,25,12
5,1.7,0.3333,94.46,2,2,1,2,1,1,0,18,4
3,0.8,1,36.05,2,1,1,3,1,0.5,0,21,4
2,2.2,0.6667,89.41,2,2,1,1,1,1,1,11,3
10,1.5,0.3333,105,3,2,0.5,2,1,1,0,13,10
5,2.4,0.3333,124,2,2,0.5,2,1,1,0,18,3
5,1.7,0.6667,83.81,2,2,0,2,1,0.5,0,23,4
1,2.4,0.6667,119.16,1,2,0,1,0,1,0,40,4
3,1.7,1,82.57,2,2,1,1,0.5,0.5,1,6,2
1,2.4,0.6667,104.19,2,2,0,2,1,0.5,0,32,4
5,2,1,96.21,2,2,0,1,1,0.5,1,16,3
3,2.9,1,147.56,2,2,1,2,1,1,0,45,4
1,2.9,1,152.92,2,2,0.5,1,1,0.5,0,10,2
4,2.4,0.6667,117.5,1,2,0,1,1,0.5,0,47,3
1,3.1,1,198.6,2,2,0,3,1,0.5,1,32,3
13,2.2,0.6667,99.83,3,2,0.5,1,1,0.5,1,18,4
9,2.4,0.3333,119,1,2,0,2,1,0.5,0,27,4
8,2.2,0.6667,99,2,2,0,1,0,1,0,24,4
5,1.7,1,88.93,2,2,1,2,1,1,0,24,4
1,2.2,1,107.44,2,2,0.5,1,0.5,0.5,1,6,2
1,1,1,58,2,2,1,3,1,0.5,1,24,4
4,1.7,0.3333,80.52,2,2,1,1,0.5,1,0,6,2
2,2.2,1,94.58,1,2,1,2,1,0.5,0,34,4
2,2,1,89.41,2,2,0,2,1,0.5,0,24,4
9,1.5,0.6667,72,2,2,1,1,0.5,0.5,1,7,4
14,1.5,0.6667,72.53,3,2,1,1,0.5,0.5,1,8,2
7,1.7,1,82.6,3,2,1,2,1,0.5,0,33,4
14,1.5,0.6667,53.05,3,2,1,1,0.5,1,1,8,4
1,1.7,1,92,2,2,1,2,1,1,0,16,4
4,2.4,0.6667,131.51,3,2,0.5,2,1,1,1,23,4
5,1.7,0.6667,91.18,2,2,0,1,1,1,0,11,2
4,1.7,1,107.45,2,2,1,1,0,0.5,1,8,2
1,2.2,0.6667,89.83,2,2,0,2,1,0.5,0,33,5
7,2.2,0.3333,96,2,2,0,2,1,1,0,33,4
3,2.4,0.6667,110,2,2,0,1,1,1,0,11,2
5,1.5,1,80,2,2,0,2,1,1,0,15,6
14,2.4,0.6667,122,2,2,0.5,1,0,1,1,8,2
14,2.2,0.6667,100.2,2,2,1,2,1,0.5,0,11,4
3,2.2,0.3333,107.39,2,2,0,2,1,0.5,1,17,4
6,2.9,0.6667,126.37,2,2,1,2,1,1,0,30,4
4,2,0.6667,82.07,2,2,0.5,1,0,1,1,7,2
8,2.9,0.6667,156.47,3,2,1,1,0,1,1,7,2
12,1.7,0.3333,77,1,2,1,2,1,1,0,18,4
9,2.2,1,95.08,0,2,0,1,0,1,0,32,4
1,2.2,1,89,2,2,0.5,2,1,1,0,34,4
3,1.7,0.6667,91,2,2,1,2,1,0.5,1,23,10
2,2.4,0.6667,139.7,3,2,1,2,1,1,1,34,4
3,2.4,0.3333,140.6,2,2,1,2,1,0.5,0,18,4
5,2.2,0.6667,121.1,2,2,0,2,1,1,0,28,4
1,2.2,1,89.9,3,2,1,1,0,0.5,0,34,4
2,1.5,0.6667,87.9,2,2,0.5,1,0.5,1,0,6,2
10,1.7,1,76.52,2,2,1,2,1,1,1,32,5
10,1.5,0.3333,65,2,2,1,2,1,1,1,34,4
3,2,1,89,2,2,1,2,1,0.5,1,28,4
5,1.7,0.3333,89,2,2,1,2,1,1,1,18,4
8,2.4,0.6667,124.9,2,2,1,1,0.5,1,1,6,2
7,1.5,1,55.15,1,2,1,3,1,0.5,0,32,10
1,1.7,0.6667,78.9,3,2,1,1,0,1,1,11,2
9,1.7,0.6667,88,3,2,1,1,0,1,0,11,2
2,1.7,1,90.92,1,2,1,2,1,0.5,0,32,5
3,2,0.3333,95.55,3,2,1,2,1,0.5,0,32,4
9,2.2,0.3333,96.18,2,2,0,2,1,1,0,33,4
4,2.4,0.6667,92.75,1,2,0,2,1,1,1,28,6
3,1.5,0.6667,67.5,2,2,1,2,1,1,0,11,2
8,1.5,0.6667,49.35,3,2,1,3,1,0.5,1,28,4
4,2.2,0.3333,158.77,3,0.5,1,2,1,1,0,17,6
4,2.4,1,139,3,2,0.5,1,1,1,0,22,2
1,1.7,0.3333,67.35,3,2,1,2,1,1,0,32,6
6,2.2,0.6667,102.52,2,2,0,1,0,1,1,28,3
4,1.7,0.6667,88.49,1,2,1,2,1,1,0,33,4
4,1.5,0.6667,81.28,2,2,0.5,1,1,0.5,1,10,4
3,2.9,0.3333,125,2,2,0,2,1,1,0,32,2
1,2.4,0.3333,123.46,2,2,1,2,1,0.5,0,33,4
1,2.9,0.6667,147,1,2,0,2,1,1,0,45,4
8,1,0.3333,50.27,1,1,0.5,2,1,0.5,0,32,6
3,2.4,1,137.28,2,2,0.5,2,1,0.5,1,17,2
1,1,0.6667,50.11,2,2,0,2,1,1,1,44,5
4,1,1,55.53,3,1,0,6,1,1,1,30,8
9,3.6,0.3333,224.37,0,2,1,1,0,0.5,0,3,8
3,2.9,1,148,2,2,1,2,1,1,1,18,2
5,2.5,0.3333,112,2,2,0,1,1,0.5,0,10,6
14,2.2,0.6667,92.59,2,2,0,1,0,0.5,0,47,4
12,2.4,0.6667,121.84,2,2,1,1,0.5,0.5,1,5,2
2,2.4,1,128.74,1,2,1,2,1,0.5,0,33,4
3,2,0.3333,97.2,2,2,1,2,1,0.5,1,32,4
14,1.7,0.3333,89.76,2,2,1,2,1,1,0,27,4
9,1.5,0.6667,86.74,2,2,0.5,1,0.5,1,1,5,2
2,1.5,0.6667,66.2,3,2,0.5,1,0.5,0.5,1,8,4
14,1.7,0.6667,99.1,2,2,1,2,1,0.5,1,33,4
1,1.7,0.6667,100.78,1,2,0.5,1,0.5,0.5,1,6,2
2,1,0.6667,58.58,3,0.5,1,3,1,1,1,30,1
2,1.5,1,81.53,1,2,0.5,2,1,0.5,1,33,5
9,1.7,1,97.53,2,2,0.5,1,1,0.5,1,11,2
1,2.2,0.3333,107.2,2,2,1,2,1,0.5,0,34,4
2,1.9,0.3333,93.95,2,2,1,2,1,1,0,32,4
14,1.5,1,96.48,2,2,1,2,1,1,0,33,4
14,1.7,0.6667,96.48,2,2,1,2,1,0.5,1,33,4
4,2.4,0.6667,124.82,1,2,1,3,1,0.5,1,51,5
9,1.7,1,68.7,2,2,0.5,1,0.5,1,1,6,2
9,2.2,0.3333,93.94,2,2,1,2,1,1,0,11,2
3,2.2,1,97.14,2,2,0,2,1,0.5,0,34,4
1,2.2,0.6667,104.95,2,2,1,2,1,1,0,18,4
1,1.7,0.6667,95.58,3,2,0.5,1,0.5,0.5,1,7,2
3,2.2,0.6667,94.61,2,2,0,2,1,1,1,25,4
4,2.4,0.6667,133.44,1,2,0,2,1,0.5,0,32,2
3,1.7,1,89.37,2,2,1,1,0.5,0.5,1,7,2
2,1.7,0.3333,74.96,1,2,0.5,2,1,0.5,1,32,3
3,2.2,0.3333,129.79,2,2,1,2,1,0.5,1,32,4
14,1.7,1,88.45,1,2,1,3,1,0.5,1,30,12
3,2.4,0.6667,131.81,3,2,1,2,1,1,0,23,6
1,2.4,0.3333,137.71,2,2,1,2,1,0.5,1,32,4
1,2.2,1,100.01,2,2,1,2,1,0.5,1,34,4
1,2.4,0.3333,120.44,2,2,1,1,0,0.5,1,33,6
4,3.1,0.6667,180.12,3,2,1,1,1,0.5,0,7,2
1,1.5,0.6667,74.72,2,2,1,1,1,0.5,1,18,5
3,2.9,1,171.97,2,2,0.5,1,1,0.5,0,11,6
2,1,1,55.7,2,0.5,0.5,2,1,0.5,1,16,7
1,3.6,0.6667,247.08,2,2,1,1,1,1,1,4,2
4,2.4,0.6667,128.85,2,2,0.5,1,1,0.5,0,11,2
4,2.9,1,165.96,2,2,0,2,1,0.5,1,18,2
1,1.5,1,82.07,2,2,0,2,1,0.5,0,18,6
4,2.2,0.3333,91.39,1,2,0,2,1,1,0,33,4
9,1.7,1,86.06,2,2,0.5,1,0.5,0.5,1,6,2
1,1.7,0.6667,73.4,2,0.2,0.5,2,1,0.5,1,18,6
2,1.9,0.6667,133.27,2,2,0,1,0,1,0,28,3
9,1.7,0.3333,102.47,2,2,1,1,1,0.5,0,12,4
1,2.4,1,100.41,2,2,1,2,1,0.5,1,22,4
14,2.4,0.6667,137.84,3,2,1,1,0.5,0.5,1,7,2
7,1.5,1,74.67,2,2,1,1,0.5,0.5,1,7,2
3,2.4,0.6667,125,2,2,0,2,1,1,0,29,4
3,1.7,0.3333,91.98,2,2,0.5,1,0.5,1,1,5,2
1,2.9,1,145.36,2,2,0.5,1,0.5,0.5,1,6,1
4,2.9,1,182.78,2,2,1,2,1,0.5,1,18,2
3,1.7,1,78.33,2,2,0.5,2,1,0.5,0,32,4
1,2.4,1,126.22,3,2,0,2,1,1,1,18,3
1,2.2,0.6667,94.58,1,2,0,2,1,0.5,1,32,4
1,1.5,1,71.21,3,2,0,4,1,0.5,1,46,8
1,1.7,0.3333,90.43,2,2,1,2,1,0.5,1,18,6
9,2,0.6667,121.34,2,2,0.5,1,0.5,0.5,1,7,2
14,0.8,0.3333,32.65,2,1,0.5,4,1,0.5,1,34,6
2,1.2,1,66.61,2,0.5,0.5,3,1,0.5,0,31,6
2,2.4,1,142.57,2,2,0.5,1,0.5,0.5,1,6,2
1,1,0.6667,56.13,2,0.2,1,3,1,0.5,1,25,7
1,2.2,0.3333,90,2,2,1,2,1,0.5,1,49,4
1,1.7,0.3333,77.5,2,2,1,1,0.5,0.5,1,7,2
7,1.7,0.6667,65.68,3,2,1,1,1,0.5,0,19,6
1,2.4,0.3333,118.98,2,2,0.5,1,0.5,0.5,1,6,2
3,2.4,0.3333,109.14,2,2,0.5,3,1,0.5,0,32,6
3,1.7,1,83.6,2,2,1,2,1,1,0,30,4
4,3.1,1,181,1,2,0,2,1,0.5,0,32,4
2,2.4,1,115.95,3,2,1,3,1,0.5,1,31,6
3,2.4,0.6667,111.56,2,2,1,1,1,0.5,1,11,4
1,1.7,1,84.81,3,2,0,2,1,0.5,1,27,4
2,1,0.6667,37.91,3,0.2,1,2,1,0.5,1,19,6
3,1,0.3333,48.92,2,2,1,4,1,0.5,1,8,4
1,1,1,58.25,2,2,1,3,1,0.5,0,24,4
2,0.8,0.6667,57.35,2,2,0.5,3,1,0.5,1,28,12
14,1.5,0.3333,62.02,2,0.2,0.5,2,1,0.5,1,18,6
1,2.2,0.3333,88.5,2,2,0.5,2,1,1,1,34,4
4,1.7,0.6667,94,2,2,1,1,0,0.5,0,27,5
8,1.5,0.6667,63.07,2,2,0,1,0,0.5,1,7,2
14,2.9,0.6667,154.85,1,2,1,2,1,0.5,0,32,4
7,2.4,0.6667,112.36,2,2,0.5,1,0,1,0,47,5
4,2.4,0.3333,138.72,3,2,1,2,1,1,1,26,3
1,2.2,0.6667,135.14,2,2,0.5,1,0.5,1,1,6,2
14,2.4,1,105.99,3,2,1,1,0.5,0.5,1,7,3
3,1.5,1,79.17,2,2,1,2,1,0.5,0,25,4
1,1.7,0.3333,79.88,2,2,1,1,1,0.5,0,34,4
1,2.4,0.3333,126.96,1,2,1,1,1,0.5,0,20,3
2,1,0.6667,57,2,0.5,1,3,1,0.5,1,31,9
5,2.7,0.6667,130.28,2,2,0,2,1,0.5,1,15,4
1,2.4,0.6667,116.19,3,2,1,1,1,1,1,11,2
5,2.4,0.6667,125.18,2,2,1,1,0.5,1,1,6,2
7,1.2,0.6667,88.02,3,2,0,2,1,0.5,1,54,3
5,2.9,1,125.51,3,2,1,2,1,1,0,27,4
2,0.8,0.6667,53.44,3,0.5,0.5,3,1,0.5,1,24,3
1,2.4,0.6667,124,3,2,0.5,1,0.5,1,1,7,2
2,2.4,0.3333,131.86,3,2,1,3,1,0.5,0,32,7
1,2,0.3333,108,2,2,0.5,1,1,1,1,10,2
14,2.2,1,87.6,2,2,1,3,1,1,0,55,6
6,2.2,0.3333,88.5,2,2,0.5,2,1,0.5,1,24,4
1,1.5,0.3333,96.25,1,2,1,2,1,1,1,29,4
1,2.6,0.3333,101.97,2,2,0.5,3,1,1,1,34,12
4,1.7,1,87.02,2,2,0.5,2,1,0.5,1,34,6
4,2.2,1,107.5,2,2,1,2,1,1,1,32,3
1,2.4,0.6667,136.21,2,2,1,2,1,0.5,1,32,4
1,2.4,1,125.75,2,2,1,1,0.5,0.5,1,6,2
9,2,0.3333,99.58,2,2,0,1,0,1,0,33,1
2,1.5,0.6667,88.01,2,0.5,0.5,2,1,0.5,1,17,4
14,1.7,0.3333,89,3,2,0,4,1,0.5,1,57,6
14,1.5,1,92,2,2,0.5,2,1,0.5,0,33,4
14,1.7,0.3333,78.84,2,2,0.5,3,1,0.5,1,45,6
10,2.2,0.3333,97.39,2,2,0,2,1,1,0,31,6
10,2.4,0.3333,124.22,2,2,0.5,1,0.5,1,1,7,2
4,1.7,1,81.7,2,2,0.5,2,1,0.5,1,18,4
2,1.5,1,81.57,1,0.5,1,1,0,0.5,0,33,5
4,2.4,0.3333,136.25,2,2,0.5,1,1,1,1,11,3
11,1.7,0.3333,81.09,1,2,1,1,0,0.5,0,33,5
7,1.7,0.3333,71.23,3,2,0.5,2,1,0.5,0,17,4
4,1,1,46.01,2,2,0.5,1,0.5,0.5,1,8,3
5,2.4,1,120.98,2,2,0.5,1,0.5,1,1,11,2
9,2.2,0.3333,98.24,1,2,0,2,1,1,1,32,3
1,2.4,1,121.71,2,2,1,1,0,0.5,1,18,4
1,1.7,0.6667,85.93,3,2,0.5,2,1,0.5,1,33,5
7,1.7,0.3333,84.04,2,2,1,3,1,0.5,0,47,6
1,2.2,0.3333,136.77,2,2,0.5,1,0.5,0.5,1,6,2
2,1.5,1,67,1,2,0,2,1,1,0,32,5
4,1.5,0.6667,65.73,2,1,0.5,1,0,0.5,1,13,8
1,2.9,0.6667,125.65,1,2,0,2,1,1,0,32,4
2,1.7,0.6667,94.93,3,2,0,2,1,1,0,11,3
2,2.2,1,89.5,2,2,0,2,1,1,0,33,4
2,1.7,0.3333,80.26,2,2,0,4,1,1,1,34,6
4,1.7,0.6667,75.56,1,2,0,3,1,1,0,33,5
3,1,1,53.17,2,2,0.5,1,0.5,0.5,1,6,3
5,2.4,1,131.34,3,2,1,1,1,1,0,11,2
3,1.7,0.3333,73.41,2,2,0.5,2,1,0.5,1,18,4
14,2.4,0.3333,116.62,2,2,1,3,1,1,1,42,4
2,1.5,0.6667,78.23,1,2,1,2,1,0.5,0,33,5
4,1.7,1,89.86,1,2,0,2,1,0.5,0,26,5
1,2.4,0.6667,121.35,2,2,1,1,0.5,1,1,6,2
6,2.2,0.6667,107.89,0,2,1,1,0,0.5,1,11,4
1,2.4,0.3333,124.25,2,2,1,1,0.5,0.5,1,6,2
14,2.9,1,150.82,2,2,0.5,1,1,0.5,1,11,2
14,1.7,1,89.55,2,2,1,2,1,0.5,1,32,4
7,2.9,1,187.15,2,2,1,1,1,1,1,6,2
6,2.2,0.6667,89.98,2,2,1,1,1,0.5,0,11,2
8,0.8,0.6667,41.98,3,2,0.5,2,1,1,1,29,4
7,1.5,0.3333,51.97,3,0.2,1,3,1,0.5,1,31,1
4,1,0.3333,43.33,1,2,1,3,1,1,0,32,12
6,2.9,0.3333,110.9,2,2,1,2,1,1,1,18,4
4,2.8,1,271,2,2,1,3,1,1,1,43,2
1,1.7,0.6667,85.88,2,2,0.5,1,0.5,0.5,1,6,2
9,2.4,0.3333,133.22,2,2,1,1,0,0.5,0,6,2
4,2.2,0.3333,95.58,1,2,0.5,1,1,0.5,1,11,2
7,1.7,1,75.9,3,2,0.5,2,1,0.5,1,18,12
1,1,0.6667,54.43,2,0.2,0.5,4,1,0.5,0,29,5
4,1.7,0.6667,92.34,2,2,1,2,1,1,0,18,3
3,1,0.3333,43.99,2,2,0.5,1,0.5,1,1,6,6
1,1.7,0.3333,89.8,3,2,1,1,1,0.5,1,11,4
3,2.4,0.6667,120.6,3,2,1,2,1,1,0,33,6
4,1.2,0.6667,58.55,3,2,0,2,1,0.5,0,34,6
5,2,0.6667,93.44,2,2,1,2,1,0.5,0,18,4
4,2.2,0.6667,88.9,1,2,0,2,1,1,0,45,4
1,2.2,0.6667,90.65,2,2,0,2,1,1,0,34,4
9,2.4,0.3333,144.56,1,2,0,2,1,0.5,0,28,3
14,1.7,0.6667,96,2,2,1,2,1,0.5,0,31,4
1,1.7,0.3333,86.99,2,2,1,2,1,1,1,14,4
1,1.7,0.6667,87.1,2,2,0.5,2,1,1,1,18,4
7,2.4,0.6667,111.06,2,2,0,2,1,1,0,33,5
3,2.2,0.3333,85.97,3,2,1,2,1,0.5,0,28,4
1,2.2,1,89.6,1,2,1,2,1,1,0,29,6
4,1.5,0.6667,59.11,2,1,1,1,0,1,1,8,2
4,1.4,0.6667,58.33,2,2,1,1,0.5,0.5,1,7,3
1,1.5,1,56.94,3,1,1,2,1,0.5,0,33,1
7,1.7,0.6667,84,1,2,0,2,1,0.5,1,33,5
7,2.2,1,88,1,2,1,2,1,1,0,33,4
2,1.5,1,80.26,2,2,1,4,1,0.5,0,34,6
1,1.5,1,97.16,1,2,1,2,1,1,1,24,4
9,2,0.6667,88,1,0.5,1,3,1,1,1,31,8
2,2.2,0.6667,101,3,2,0,1,0,0.5,1,32,6
1,1.5,0.3333,79.41,2,2,0.5,1,0,1,1,34,4
2,0.8,1,33.26,3,2,0.5,6,1,0.5,1,26,10
2,1.7,1,87.28,3,0.5,1,1,1,1,0,15,6
14,1,0.3333,48.57,3,0.5,0.5,5,1,1,1,31,12
2,0.8,0.3333,53.44,3,2,1,3,1,0.5,0,24,3
2,1,1,50.48,3,1,1,3,1,0.5,1,24,3
1,1.7,0.3333,81.78,3,2,0.5,2,1,0.5,1,16,4
4,2.9,0.3333,160,3,2,1,1,0,0.5,1,26,4
9,2.2,1,102.02,2,2,1,1,0,0.5,1,7,5
5,1.9,0.6667,120.68,2,2,1,1,0.5,0.5,0,4,2
4,1.7,0.6667,87.56,2,2,1,3,1,0.5,1,43,6
4,2.4,0.6667,143.08,1,2,0.5,2,1,0.5,1,33,3
4,2.4,0.3333,126.98,3,2,0.5,2,1,0.5,1,17,3
3,2.4,0.6667,151.55,2,2,0.5,1,1,0.5,1,12,2
3,2.4,0.6667,127.82,2,2,1,1,0.5,0.5,1,5,2
3,2.2,0.6667,111.01,2,2,0.5,1,0.5,0.5,1,6,2
4,1.5,1,59.91,2,2,0.5,1,0,0.5,1,6,2
1,2.2,1,114.13,1,2,0.5,2,1,1,1,25,3
5,2.2,0.3333,91,3,2,1,2,1,1,1,28,4
1,2,0.3333,100.09,2,2,0,2,1,0.5,0,34,4
1,2.2,1,108,2,2,0,1,0.5,0,0,6,2
4,1.5,1,59.2,3,1,0.5,3,1,1,1,9,6
8,1,0.3333,47.56,3,0.5,0.5,2,1,1,1,20,8
4,1.5,0.6667,73.13,2,2,0.5,1,0.5,0.5,0,7,3
14,2.9,0.3333,131.9,2,2,1,1,0,0.5,1,7,2
5,2.7,1,146.98,2,2,1,2,1,0.5,1,32,4
4,2.4,0.3333,113.57,2,2,0,2,1,1,1,40,4
1,1.7,0.3333,81.3,3,2,1,2,1,0.5,1,18,4
9,2.2,0.6667,96.53,2,2,1,2,1,0.5,1,30,4
1,1.5,0.3333,82.03,2,2,0,2,1,1,1,32,6
9,1.5,0.3333,93.86,2,2,0.5,2,1,0.5,1,33,3
4,2.4,0.6667,125.23,1,2,0,3,1,1,1,51,5
3,2.2,1,99,2,2,1,2,1,0.5,0,31,4
14,2,0.3333,92.76,2,2,0,1,0,1,1,47,4
4,1.7,0.6667,90.37,2,2,1,2,1,0.5,1,18,6
9,2.2,0.6667,113.84,2,2,0.5,1,0.5,0.5,1,7,2
14,1.7,0.3333,64.46,2,2,1,1,0.5,1,1,7,2
14,1,0.3333,48.05,3,2,1,3,1,0.5,1,30,9
1,3.1,1,226,1,2,1,1,1,1,1,11,2
9,3.3,1,230.86,2,2,0.5,1,0.5,0.5,1,6,2
4,1.9,0.3333,96.79,2,2,1,1,0.5,0.5,1,6,2
14,2.2,1,110.56,3,2,0.5,1,0.5,0.5,1,7,2
8,1.5,0.3333,47.5,3,0.2,0.5,4,1,0.5,1,26,9
1,1,1,38.75,3,0.5,0,6,1,1,1,29,5
5,2.2,0.6667,117.66,2,2,0.5,1,1,0.5,1,11,3
2,1,0.6667,45.5,3,2,0.5,3,1,0.5,1,30,12
1,1,0.3333,34.62,1,1,0,2,1,0.5,1,21,12
8,2.9,0.6667,133.89,2,2,0,3,1,0.5,0,40,4
9,1.7,1,93.5,2,2,1,1,0.5,0.5,0,6,2
9,1.7,0.3333,98.75,2,2,0,1,0.5,0.5,1,6,2
7,1.5,1,66.66,3,2,0.5,2,1,1,1,17,6
3,2.9,0.3333,155.11,3,2,1,2,1,0.5,1,29,4
1,2.9,0.6667,149.31,2,2,1,2,1,0.5,1,24,4
1,3.6,0.3333,158.66,2,2,0.5,1,0.5,0.5,1,6,2
3,2.9,0.6667,179.5,2,2,0.5,1,0.5,0.5,1,5,2
8,1.7,0.6667,95.39,3,2,1,2,1,0.5,1,19,5
7,1.7,0.6667,78.11,2,2,1,2,1,0.5,1,18,4
11,2.4,0.6667,111.61,1,2,1,1,0,0.5,0,34,4
3,1,0.6667,41.87,3,2,1,3,1,1,1,32,4
2,1.7,0.6667,89.56,2,2,1,1,1,0.5,1,11,3
7,2.2,1,120.5,2,2,0,3,1,0.5,0,52,3
4,2.4,0.3333,132.79,2,2,0.5,1,1,0.5,0,13,2
7,1.7,0.3333,86.31,2,2,0.5,2,1,0.5,1,18,5
9,2.9,0.6667,148,2,2,1,1,0.5,0.5,0,6,2
4,1.7,0.6667,88.75,3,2,1,2,1,1,1,23,4
9,2.2,1,106,2,2,1,1,1,1,0,11,4
1,2.4,1,124.73,3,2,0,2,1,1,0,32,4
5,2.4,0.6667,124,2,2,1,1,0.5,1,1,6,2
5,2.4,0.6667,108.74,2,2,0,2,1,1,0,14,4
2,2.2,1,118.77,1,2,0,2,1,1,0,46,4
8,2.2,0.6667,96.56,2,2,0,2,1,1,0,33,4
2,2.2,1,115.57,2,2,0,2,1,0.5,0,46,4
4,1.7,1,93.25,3,1,0.5,2,1,0.5,1,29,5
2,1.7,0.3333,74,1,2,0,2,1,0.5,1,34,5
1,2.4,0.6667,121.43,1,2,1,2,1,0.5,1,26,4
1,2.2,0.6667,103.05,3,2,1,2,1,0.5,0,18,3
5,1.7,0.3333,89,2,2,1,2,1,1,0,24,4
3,2.2,0.6667,112.14,2,2,0.5,1,0,0.5,1,7,1
9,2.4,1,96.55,2,2,0,2,1,0.5,0,32,4
4,2.9,0.3333,165.21,2,2,1,2,1,0.5,1,18,2
7,2.9,1,186.09,2,2,0,1,1,0.5,1,6,2
3,2.4,0.6667,119.61,2,2,0.5,2,1,0.5,1,33,4
1,1.5,1,90.04,3,2,0.5,2,1,0.5,0,32,4
4,1.7,1,98.92,2,2,1,1,0,0.5,1,8,2
1,1.7,0.3333,96.57,1,2,1,2,1,0.5,1,24,4
9,1.9,0.3333,120.64,1,2,1,2,1,0.5,1,15,4
1,2.2,0.6667,94.91,1,2,1,2,1,0.5,1,33,4
3,1.7,1,58.87,2,2,1,2,1,1,1,18,4
3,2.4,0.6667,115.56,3,2,1,2,1,0.5,0,29,4
1,1.5,0.3333,50.07,2,2,1,4,1,0.5,0,27,5
1,2.9,0.6667,128.6,1,2,0,2,1,0.5,0,31,4
3,2.4,1,127.56,2,2,0.5,1,0.5,0.5,1,6,2
7,1.5,1,63.42,3,0.2,1,3,1,1,0,18,8
1,2,0.6667,72.65,0,2,0.5,1,0,1,1,7,2
2,1.7,0.6667,89.62,3,2,1,1,1,0.5,1,11,2
1,2.2,0.6667,108.84,0,2,1,1,0,1,1,6,1
1,2.9,0.6667,124.41,2,2,1,2,1,1,0,34,4
3,2.2,0.3333,96.55,2,2,0.5,1,0.5,0.5,0,4,2
5,3.8,0.3333,90,2,2,1,1,1,1,1,11,2
12,2.7,0.6667,145,3,0.2,1,2,1,1,1,18,4
5,2.9,0.6667,143,3,2,1,3,1,1,0,28,5
1,1.7,0.3333,85.07,3,2,1,2,1,0.5,1,18,4
3,2.4,1,108.3,3,2,0.5,2,1,1,0,33,4
8,1.5,0.6667,95.6,2,2,0.5,3,1,0.5,0,53,4
3,1.7,0.3333,73.41,2,2,1,2,1,1,1,18,4
1,2.2,1,86.42,2,2,1,2,1,1,1,24,4
1,2.4,1,115.77,2,2,0.5,2,1,0.5,1,16,4
4,1,1,39.73,3,0.5,0,1,0,0,0,26,6
8,2,1,93.46,2,2,0.5,1,0.5,0.5,1,6,2
1,2.4,0.6667,130.49,2,2,1,1,1,1,0,11,2
1,1,1,36.08,3,0.5,0,6,1,1,1,29,5
3,3.4,1,116,2,2,1,1,0.5,1,1,5,2
8,0.8,0.6667,42,3,2,1,2,1,1,1,29,3
1,1.5,1,81.12,2,0.5,1,5,1,1,1,57,10
9,1.7,0.3333,89.57,3,0.5,0.5,1,0,0.5,0,22,8
2,1,0.3333,55,2,2,1,2,1,0.5,1,31,8
5,2.2,0.6667,93.3,2,2,0,1,0.5,0.5,1,7,3
8,1.5,0.6667,58.2,2,2,0.5,2,1,1,1,6,7
14,0.8,1,44.8,3,1,1,4,1,1,1,20,4
4,1,0.6667,43.37,1,0.5,0,3,1,1,0,32,12
9,2.2,1,137.45,2,2,0.5,1,0,1,1,7,2
14,1,0.6667,60,3,0.5,0.5,5,1,1,1,31,12
9,2.4,1,120.54,3,2,0,2,1,1,1,33,4
14,1.9,0.6667,73,2,2,0,3,1,0.5,1,46,6
1,1.5,1,86.4,3,2,0.5,2,1,0.5,0,18,4
14,2.2,0.6667,103,1,2,1,2,1,0.5,1,32,4
8,2.4,0.6667,139.98,1,2,0.5,3,1,0.5,1,23,9
4,1.7,0.6667,103.25,2,2,0.5,1,0,0.5,1,7,2
8,2.4,0.6667,125.46,3,1,0.5,1,0.5,0.5,1,7,2
1,1.5,0.6667,74.6,2,2,1,2,1,0.5,1,34,5
2,1,1,56.86,3,2,0.5,1,1,0.5,1,11,5
1,1.5,1,67.63,3,2,0.5,2,1,0.5,1,18,4
1,2.4,0.6667,119.43,3,2,0.5,2,1,0.5,1,30,5
1,2.4,1,114.24,2,2,0,2,1,0.5,0,24,4
7,1.7,0.6667,57.16,3,2,0.5,2,1,1,1,18,4
2,2.4,0.6667,133.02,2,2,0,2,1,0.5,1,18,4
2,1,0.6667,46.84,3,2,1,2,1,0.5,1,18,8
9,1.7,0.6667,97.7,2,2,0.5,1,1,0.5,1,11,2
7,2.4,1,118,2,2,1,2,1,0.5,0,34,4
2,1.5,1,64.59,1,0.5,0.5,3,1,1,1,28,10
3,2.4,0.6667,132.93,3,2,1,1,1,0.5,1,13,2
9,2.9,1,125.64,2,2,0,1,0.5,1,0,6,2
2,2.9,1,141.39,2,2,0,2,1,0.5,1,32,4
8,2.4,0.6667,117.94,3,2,0.5,2,1,0.5,1,30,3
14,2.2,0.6667,129,3,2,1,1,1,0.5,1,12,2
3,1.7,0.6667,58.9,2,2,1,2,1,0.5,0,18,4
2,1.7,0.6667,93,2,2,0.5,2,1,1,1,39,5
14,1.7,0.6667,91.56,1,2,1,2,1,0.5,1,33,4
3,2.2,0.3333,76.2,2,2,0,2,1,1,0,30,4
14,2.2,0.6667,100.19,2,2,1,2,1,0.5,0,32,4
3,1.7,0.6667,78.43,2,2,1,1,0.5,0.5,0,6,2
14,1.7,0.6667,84.35,2,2,0.5,2,1,0.5,1,11,4
3,2,0.6667,88.42,2,2,1,2,1,0.5,0,29,4
2,1.9,0.3333,53,3,0.5,0,4,1,0.5,1,29,12
9,2.4,0.3333,139.95,2,2,0.5,1,0,1,1,18,1
2,1,1,43.01,3,1,0.5,2,1,0.5,1,19,6
9,1.7,0.3333,72.99,2,2,1,2,1,1,1,33,6
4,1.5,0.6667,57,2,2,1,1,0,1,1,8,4
1,1.5,0.6667,77.61,2,2,1,5,1,1,0,57,10
8,1.5,0.3333,59.7,1,2,0.5,3,1,0.5,1,45,12
1,1.7,0.6667,72,3,2,0,2,1,1,0,34,6
5,2.4,0.6667,115,2,2,1,2,1,1,1,32,4
5,1.7,0.3333,82.27,2,2,1,2,1,1,0,33,4
10,2.2,0.3333,97.25,3,2,1,2,1,0.5,0,31,5
5,2.2,0.6667,82.53,2,2,0.5,1,0.5,1,1,5,4
9,1.5,0.6667,94,2,2,0.5,2,1,1,1,18,3
2,2.2,0.3333,102.81,3,2,0.5,1,0.5,0.5,1,7,2
3,1.7,0.3333,88,1,2,1,2,1,1,1,33,4
3,1.7,0.6667,87.23,2,2,1,1,1,0.5,1,11,2
3,1.7,1,78.51,3,2,0.5,1,0.5,0.5,1,8,2
14,1,1,69.8,3,2,0.5,4,1,1,1,28,5
14,1.5,1,98.74,2,2,1,1,0.5,1,1,8,2
4,0.8,1,40.2,3,0.5,0,3,1,0,0,33,12
3,2.4,0.3333,148.72,3,2,0,1,1,0.5,1,16,3
1,1.7,1,94.83,2,2,1,2,1,0.5,1,32,4
2,2.4,1,123.99,2,2,0.5,1,0.5,0.5,1,6,2
4,2.9,0.3333,160.75,3,2,0.5,2,1,0.5,1,28,2
9,2.9,0.3333,182.05,2,2,0.5,1,0.5,0.5,1,3,2
3,2.4,1,107.56,2,2,0.5,2,1,0.5,0,32,4
4,2.4,1,128.81,2,2,1,1,0.5,0.5,1,6,2
3,3.1,1,161.87,1,2,0,1,1,1,1,9,2
4,2,1,89.17,2,0.2,0.5,1,0,0.5,1,18,6
9,2.2,1,107.39,2,2,0.5,1,0.5,0.5,1,6,2
3,2.4,1,122,2,2,0.5,2,1,0.5,1,32,5
14,1,1,61.96,3,1,0.5,5,1,1,1,31,12
4,1.7,0.3333,91.36,3,2,0.5,2,1,0.5,1,26,4
2,2,1,73.7,3,2,0.5,1,0.5,1,1,8,2
4,2.2,1,123.41,2,2,0.5,3,1,0.5,1,32,8
9,2.4,0.6667,109.39,2,2,0.5,1,0.5,1,0,6,2
1,1.3,1,92.95,2,2,1,1,0.5,0.5,1,6,2
3,2.5,1,123.92,2,2,1,1,1,0.5,1,9,2
1,2.9,0.6667,161.84,2,2,0.5,1,0.5,0.5,0,5,2
3,1,0.3333,53.55,3,2,0.5,2,1,0.5,1,27,12
4,2.4,1,123.87,2,2,0.5,1,1,0.5,1,13,2
10,2.9,0.3333,147.22,2,2,0.5,1,1,0.5,1,11,3
1,2.2,0.3333,89.96,2,2,1,2,1,0.5,1,31,4
2,1.5,0.6667,75.35,3,2,0.5,1,0,1,1,8,1
7,1,0.6667,45.76,3,2,0.5,3,1,1,0,15,8
1,1.7,0.3333,97.93,2,2,1,2,1,0.5,1,32,4
3,2.4,0.6667,129.37,2,2,0.5,1,1,0.5,0,11,2
1,1.7,0.3333,64.14,2,2,1,3,1,1,1,24,4
9,2.4,1,120.07,3,2,0.5,1,0.5,1,1,8,4
1,2.9,0.3333,145.8,1,2,0.5,2,1,0.5,0,20,5
1,2.9,0.3333,136.84,2,2,0.5,2,1,0.5,1,27,4
4,1.7,0.3333,86.38,2,1,0,3,1,1,1,43,6
9,1.5,0.6667,85.9,2,2,0.5,1,1,1,0,11,4
14,1.7,1,85.38,2,2,1,2,1,1,0,32,4
3,1.5,0.6667,85.39,2,2,1,2,1,0.5,0,30,4
14,1.7,0.6667,98,2,2,0.5,3,1,1,1,30,7
3,1.7,0.6667,91.64,1,2,0.5,2,1,1,0,33,4
3,1.7,1,76.38,1,2,1,2,1,0.5,1,18,4
1,2.2,0.3333,125.74,1,2,0,2,1,1,0,25,3
4,2.2,1,140,3,2,1,1,0,0.5,1,26,4
4,1.5,1,50.98,2,1,0.5,1,0.5,0.5,1,5,9
1,2.4,0.6667,135.14,2,2,1,1,0.5,0.5,1,6,2
9,2.9,0.3333,135.31,2,2,1,1,0.5,1,0,6,2
3,1.5,0.6667,82.05,3,2,1,2,1,1,0,18,6
1,3.9,1,94.64,2,2,0.5,1,0.5,0.5,1,6,2
7,2.9,0.6667,137.11,3,2,0.5,1,0,0.5,1,18,2
3,2.2,0.6667,125.49,2,2,1,1,0.5,1,0,6,2
1,2.4,0.6667,140.96,3,2,1,1,1,1,1,18,2
1,2.9,0.6667,146.48,3,2,1,2,1,0.5,1,13,5
2,2.4,0.3333,122.89,2,2,1,1,0.5,0.5,1,6,2
1,2.4,1,120.3,2,2,1,2,1,1,1,18,4
3,1.7,0.6667,75.89,2,2,1,1,0.5,0.5,1,6,2
14,2.2,1,109.28,3,2,1,2,1,0.5,1,17,4
9,2.4,0.6667,111.56,1,2,0.5,1,0,1,0,11,2
1,2.2,0.6667,99.61,3,2,1,2,1,0.5,1,28,4
3,2.4,0.3333,119.71,2,2,1,1,1,0.5,0,11,2
14,1.7,1,87,1,1,0,3,1,0.5,1,46,5
1,1,0.6667,36.08,3,0.5,0,6,1,1,1,29,5
5,2.4,0.6667,99,2,2,1,2,1,1,0,26,6
11,1.5,0.6667,56.55,2,2,0,1,0,0.5,1,6,3
1,2.2,0.6667,92.7,2,2,1,2,1,0.5,0,32,6
9,2.2,1,120.02,2,2,1,2,1,0.5,1,30,4
1,1.7,0.3333,87.07,3,2,0.5,2,1,0.5,1,10,8
8,2,0.3333,65,2,1,1,1,0.5,0.5,1,6,2
9,2.9,0.6667,142,2,2,0,1,0.5,1,1,6,2
1,1.7,1,86.61,3,2,1,2,1,0.5,0,18,6
14,1.5,0.6667,68,2,2,0.5,1,0.5,0.5,1,8,3
1,1.5,1,72.38,2,2,0.5,1,0,1,1,8,5
2,2,1,96,2,2,0,2,1,0.5,0,33,4
3,2.4,1,144.03,3,2,0.5,1,1,1,1,12,2
14,2.2,1,94.47,2,2,0.5,2,1,0.5,1,32,4
1,2.4,1,148.76,3,2,0.5,1,1,0.5,0,31,4
1,1.7,1,77.75,3,2,0,1,0,0.5,0,34,1
9,1.7,0.6667,88.88,2,2,1,1,0,0.5,1,7,2
14,2.2,0.6667,129.58,1,1,0.5,1,0,0.5,1,8,2
2,2.2,0.6667,109.63,3,2,0.5,2,1,0.5,1,24,8
1,2.2,1,111.69,2,2,1,1,1,0.5,0,11,2
7,1,0.3333,68.41,3,2,0.5,2,1,0.5,1,32,4
1,2.9,0.6667,152.5,2,2,1,1,0.5,0.5,1,6,2
4,2,1,76.79,2,2,0.5,1,0,0.5,1,8,3
7,2.4,0.3333,122.18,3,2,0,2,1,0.5,1,33,4
9,3.4,0.6667,180.71,3,2,0,2,1,0.5,1,24,2
4,1.5,1,58.63,2,1,1,1,0.5,0.5,1,6,2
14,2.4,0.3333,135.22,1,2,0.5,2,1,0.5,1,32,4
2,2.4,0.3333,122.9,2,2,1,2,1,0.5,1,18,3
1,3.1,0.3333,165.64,2,2,1,1,0.5,0.5,0,6,2
3,2.9,0.6667,143.47,2,2,1,1,0.5,1,0,6,2
3,2.2,0.6667,113.38,2,2,0,2,1,1,0,25,3
7,2.2,0.6667,94.56,3,2,1,1,0,0.5,0,7,2
1,1.5,0.6667,91,2,2,1,2,1,1,1,34,4
5,2.4,0.3333,117,1,2,1,1,1,1,0,11,4
12,2.2,0.3333,122.8,2,2,0,2,1,0.5,1,18,4
4,2.4,0.3333,129.48,3,2,0.5,2,1,0.5,1,19,3
1,2.2,1,94.52,2,2,1,2,1,1,0,32,6
1,1.9,0.6667,92.36,2,2,0.5,1,0.5,0.5,1,5,2
7,1.7,0.3333,87,3,2,0,2,1,0.5,1,34,4
2,1,1,50.53,3,2,0.5,2,1,0.5,1,18,6
5,1.7,0.3333,87,2,2,0.5,1,0.5,1,0,6,2
1,1.7,1,78,3,2,0,1,0,1,1,34,4
3,1,1,40.78,2,2,1,2,1,0.5,1,18,7
4,1.3,0.3333,104.85,2,2,0,1,0,0.5,0,8,2
14,1,1,66,3,2,1,3,1,0.5,1,30,9
3,2,0.3333,93.61,2,2,1,1,1,0.5,0,31,4
5,2.4,1,115.39,2,2,1,2,1,1,1,32,4
5,1.7,0.3333,68,3,2,1,2,1,1,1,31,6
7,1,1,46.6,2,2,1,2,1,1,1,26,6
14,1,0.3333,57.6,2,2,1,2,1,1,0,28,5
8,2.2,0.6667,78.36,3,2,1,3,1,0.5,1,27,12
2,1.7,0.6667,95.26,2,2,0.5,1,1,1,1,10,2
11,2.9,0.3333,158,1,2,0,1,0,1,1,35,3
14,1.5,1,73,2,0.2,0,1,0,1,1,46,6
9,1.3,1,154.53,2,2,1,2,1,1,1,18,3
3,1.9,0.6667,106,3,2,0.5,1,1,0.5,1,18,2
14,1.7,1,132.5,2,2,1,1,0.5,1,1,8,3
2,1.7,0.6667,86,1,2,0.5,2,1,0.5,1,34,3
4,1.5,0.3333,80.44,2,2,0.5,1,0.5,1,1,7,3
4,1.7,0.6667,68.39,3,1,0.5,1,0.5,1,1,7,2
3,1.5,0.3333,68.57,1,0.2,0.5,1,1,0.5,1,11,4
4,1.7,0.6667,86.61,2,2,0.5,1,0.5,0.5,1,7,3
3,1.9,1,104.76,2,2,1,1,0.5,0.5,1,6,4
3,1.7,0.6667,91.25,2,2,0.5,1,0.5,0.5,1,7,3
2,1.5,0.6667,65.27,3,2,1,1,0,0.5,1,7,2
4,1.7,0.6667,95,1,2,0.5,1,1,0.5,1,11,2
14,1.3,1,97.33,2,1,0.5,3,1,0.5,1,30,7
4,2,0.3333,99.08,3,2,0.5,1,0.5,0.5,1,7,2
2,1,0.6667,48.11,3,0.2,0.5,3,1,1,1,32,7
4,1.7,0.6667,64.38,1,2,0.5,2,1,0.5,0,18,6
1,3.4,0.6667,172.93,3,2,0,1,0.5,0.5,1,5,2
7,0.8,1,44.6,3,0.2,1,2,1,0.5,1,18,12
10,1.7,1,88.83,2,2,1,1,0.5,0.5,1,6,4
7,1.7,0.6667,82.54,3,2,0.5,1,1,0.5,0,11,3
1,1.7,0.6667,85.43,3,2,1,1,1,0.5,0,11,3
2,1,0.6667,40.89,3,1,1,2,1,0.5,1,18,8
7,1.7,0.3333,90.01,2,2,1,2,1,0.5,0,32,4
4,1.7,0.6667,57.74,0,2,0.5,1,0,0.5,1,5,2
4,1.5,0.6667,89.65,3,2,0.5,2,1,0.5,0,10,4
14,1.5,1,97.53,2,2,1,2,1,0.5,1,28,4
1,1.7,0.3333,89.47,2,2,1,2,1,1,1,26,4
1,4.1,1,115.79,2,2,0.5,1,0.5,0.5,1,6,2
1,1.9,0.3333,90.88,2,2,0.5,2,1,1,1,28,4
9,2.4,0.6667,110.29,1,2,1,2,1,1,0,33,3
14,1.7,0.6667,88.89,2,2,1,2,1,0.5,0,32,4
2,1.7,0.6667,86.93,1,2,1,3,1,1,1,45,6
1,2.9,0.3333,145.31,2,2,0.5,1,0.5,0.5,0,6,2
1,2.4,0.3333,141.14,2,2,0.5,1,0.5,1,1,8,2
5,2.4,0.6667,127.88,2,2,1,2,1,1,0,11,2
1,1.5,1,71.42,3,2,0.5,4,1,0.5,0,46,8
1,1.7,1,88.41,3,2,1,2,1,0.5,1,18,4
4,1.7,0.3333,86.68,2,2,1,2,1,1,0,34,6
1,1.7,0.3333,94.16,2,2,0.5,1,0.5,0.5,1,8,2
4,2.2,0.3333,90.88,2,2,0.5,2,1,0.5,0,34,4
2,2.4,0.3333,120.58,2,2,0,2,1,1,1,48,4
4,2.2,1,126.54,2,2,1,2,1,0.5,0,22,4
14,2.4,0.6667,128.12,2,2,1,1,1,1,1,11,2
14,2,1,92.07,2,2,1,1,0,1,1,8,6
5,2.4,0.6667,128,2,2,1,2,1,1,1,11,2
4,1.7,0.6667,80,2,2,1,2,1,1,1,34,6
1,2.4,1,140.31,2,2,0,1,0,0.5,1,18,4
3,2.9,0.6667,159.51,2,2,0,1,0,0.5,1,6,2
3,2,0.6667,80,2,2,1,2,1,0.5,1,11,2
1,2.4,0.6667,115.71,2,2,0.5,1,0,0.5,1,23,6
1,2.2,1,113.23,2,2,0,1,0,0.5,1,11,4
4,2.2,0.6667,104.94,2,2,0.5,1,0.5,1,1,8,2
1,2.4,0.6667,130.78,3,2,1,2,1,1,0,31,4
1,2.4,0.6667,126.2,2,2,1,2,1,0.5,1,26,4
1,2.9,1,124.65,3,2,1,2,1,0.5,1,33,4
2,1.5,0.6667,65.14,2,2,0.5,1,0,0.5,1,8,3
1,2.4,0.3333,143.64,1,2,1,2,1,0.5,1,24,2
4,2.4,0.6667,137.15,1,2,1,1,0.5,0.5,0,7,2
3,1.5,0.3333,55,2,0.2,1,2,1,0.5,0,33,6
1,1.7,0.6667,86,3,2,1,2,1,0.5,1,16,6
1,0.8,0.6667,39.23,3,2,0,6,1,1,1,29,5
8,0.8,1,35.55,2,2,0.5,2,1,0.5,1,33,4
4,2.4,0.6667,135,1,2,1,1,1,0.5,1,9,3
5,2.9,1,153.93,1,2,1,2,1,1,0,32,3
2,1.7,0.6667,92.32,2,1,0,1,0,0.5,1,8,4
5,2.4,0.3333,108,2,2,0,1,1,1,0,15,4
2,2.2,1,93,1,2,0,2,1,0.5,1,44,4
8,2.9,0.3333,136.9,3,2,0,1,0,1,1,47,6
7,2.9,0.3333,130.97,1,2,0,2,1,1,0,34,4
8,1.5,0.6667,98,3,2,0.5,3,1,0.5,1,29,12
4,2.4,0.3333,136.87,1,2,1,2,1,0.5,0,31,4
3,2.2,1,95.24,2,2,0.5,2,1,0.5,0,27,4
1,2.4,1,108.04,2,2,0,2,1,1,0,23,4
3,2.4,1,112.23,0,2,0,1,0,0.5,0,26,4
4,1.7,0.6667,84.05,3,2,0.5,2,1,0.5,1,34,6
4,2.9,0.3333,159.76,3,2,1,1,0,0.5,1,26,4
9,2.4,1,129.73,2,2,0,1,1,0.5,1,11,2
1,2.4,0.6667,133.55,2,2,0.5,1,0.5,0.5,1,7,2
1,2.9,1,148.04,3,2,0,2,1,0.5,1,25,4
2,2.4,0.6667,121.73,2,2,1,1,0.5,0.5,1,7,2
6,3.8,1,236.64,2,2,0.5,1,0.5,1,0,7,2
1,1.7,0.6667,78.91,3,2,1,1,1,0.5,1,11,3
1,2.4,1,138.57,2,2,0,1,1,0.5,1,25,2
1,2.2,1,105.17,2,2,1,2,1,0.5,1,18,4
14,2,0.6667,75.32,3,2,0.5,1,0.5,1,1,9,3
4,2.4,0.3333,121.27,1,2,0.5,1,1,0.5,1,11,2
2,2.9,0.3333,154,3,2,0.5,1,1,0.5,1,10,3
3,2.2,1,88.58,2,2,1,2,1,0.5,0,11,2
3,2,0.3333,103.95,3,2,0,1,1,1,1,11,2
3,1.7,0.6667,90.16,2,2,0.5,1,1,0.5,1,11,6
3,2.2,0.6667,97.9,2,2,0.5,1,0.5,0.5,1,4,2
14,2.4,0.3333,141.13,2,2,0.5,1,1,0.5,1,10,2
3,1,0.3333,40.79,2,1,1,3,1,0.5,0,31,7
4,2,1,78.07,2,2,0.5,1,0,0.5,1,9,2
4,2.9,0.6667,153.82,2,2,0.5,1,0.5,1,1,7,2
7,2.2,0.3333,101.44,3,2,1,2,1,1,1,24,4
3,2.4,1,100.28,2,2,1,1,0.5,0.5,0,7,2
2,1,0.3333,43.61,2,2,1,2,1,1,1,32,6
2,2.2,0.6667,107.77,1,2,0.5,1,0.5,1,1,7,2
1,2.4,1,134.37,1,2,1,2,1,0.5,1,32,4
1,2.2,1,106.34,2,2,0,2,1,1,1,34,4
3,2.2,0.6667,95.56,2,2,0.5,2,1,0.5,1,28,4
14,1.7,0.3333,98.63,2,2,0,2,1,0.5,1,32,4
1,1.7,0.6667,98.9,3,2,0.5,1,0.5,1,1,7,4
4,1.7,0.3333,88.15,3,2,0,2,1,1,1,18,4
2,1.7,0.3333,75.54,3,2,0.5,1,1,0.5,1,11,4
14,2.4,0.3333,120.47,2,2,1,3,1,1,1,30,6
1,1.7,1,87.22,2,2,0.5,2,1,1,1,18,4
3,1.5,1,83.37,2,2,0,2,1,0.5,0,33,4
7,2,1,101.97,2,2,0.5,1,0.5,0.5,0,7,2
14,1.7,0.6667,90.6,2,2,1,2,1,0.5,0,28,4
11,1.7,0.6667,80,1,2,1,3,1,0.5,0,30,5
14,1.5,0.6667,44.31,2,2,1,2,1,1,0,20,10
14,2.4,0.6667,152.83,2,2,0,2,1,0.5,1,18,4
9,2.2,0.3333,93.91,2,2,1,2,1,1,0,18,2
9,2.2,0.6667,87,2,2,1,1,0,0.5,1,6,2
4,1.7,0.6667,93.98,2,2,1,2,1,0.5,1,26,3
6,2.2,0.3333,91,2,2,1,2,1,1,0,24,4
1,2.2,1,89,2,2,0.5,2,1,1,1,18,4
9,2,0.6667,95.6,2,2,0,1,0,0.5,0,29,4
9,2.4,0.3333,129,2,2,0,2,1,1,1,10,2
7,2.4,0.3333,130.48,2,2,1,1,1,0.5,0,9,2
3,2.9,0.3333,137.38,2,2,1,2,1,0.5,0,18,3
1,2.2,1,110.44,1,2,0,3,1,0.5,0,45,3
3,1.5,1,82.34,3,1,1,2,1,0.5,1,18,8
3,2.9,1,130.35,2,2,0,2,1,1,1,33,3
2,1.9,0.6667,79.43,3,2,0.5,2,1,0.5,0,34,4
1,1,1,54.43,2,2,0.5,4,1,0.5,0,29,5
2,1.5,1,46.49,1,2,1,3,1,0.5,0,32,6
4,1.7,0.3333,89.47,2,2,0,2,1,0.5,0,34,4
3,1.7,1,86.5,2,2,1,2,1,1,1,32,4
3,1.7,0.3333,77.7,2,2,0.5,1,1,0.5,1,11,4
7,2.4,0.3333,90.5,2,2,1,2,1,0.5,0,34,4
8,0.8,0.6667,34.13,3,2,1,2,1,0.5,0,9,9
4,2,0.6667,90.63,2,2,1,3,1,1,0,32,8
1,2.2,1,102,3,2,1,4,1,1,0,46,8
5,1.7,0.3333,89.28,2,2,0,2,1,0.5,1,26,4
7,2.4,1,140,1,2,1,2,1,0.5,1,47,2
2,1,0.3333,45.88,2,2,0.5,2,1,0.5,1,18,4
5,2.4,0.6667,121.24,2,2,0.5,2,1,1,1,18,3
5,1.7,0.6667,94.55,1,2,0.5,1,0.5,0.5,1,6,2
8,1.5,0.6667,52.6,2,0.2,0,1,0.5,0.5,1,8,4
5,2.2,0.3333,107.87,2,2,0,2,1,0.5,1,28,4
9,2.4,0.6667,112.18,2,2,0,1,0,1,0,5,2
2,1.5,1,79.54,3,2,1,1,0,1,1,17,4
7,1.5,1,84.23,2,2,1,3,1,0.5,0,57,6
5,2,0.6667,107.46,2,2,0.5,2,1,1,1,28,4
5,1.7,0.3333,90.39,2,2,0,1,0,0.5,1,6,2
4,1.5,0.6667,73.1,3,2,1,2,1,0.5,0,18,4
5,1.7,0.6667,93.01,2,2,0,2,1,1,1,18,3
3,4.1,1,168.57,1,2,0.5,1,0.5,0.5,1,6,2
14,2.2,0.6667,95,3,2,0,3,1,0,0,48,8
2,2.2,0.3333,89.32,3,2,0.5,1,1,0.5,1,11,3
4,2.9,0.3333,197.23,3,2,1,1,1,1,1,12,3
5,2.4,0.3333,114.55,3,2,1,1,1,1,1,12,3
6,2.2,1,87.95,2,2,1,2,1,0.5,1,18,4
9,2.2,0.3333,123,1,2,1,1,0,0.5,1,6,2
8,1.5,0.6667,64.42,3,2,0.5,1,0.5,0.5,1,8,4
2,1.5,0.6667,83.37,3,2,1,1,0,0.5,1,23,4
1,2.2,1,79.52,3,2,0.5,2,1,0.5,1,18,4
1,2.9,0.6667,162.6,2,2,0,2,1,0.5,1,18,3
9,2,0.3333,118.26,2,2,1,2,1,0.5,1,12,2
2,0.8,0.3333,41.36,2,0.2,0.5,3,1,0.5,1,28,12
1,1.5,0.3333,84.16,3,1,1,3,1,0.5,0,22,6
4,1.5,1,74.27,2,2,0,1,0.5,0.5,1,8,2
1,2.4,0.6667,126.2,2,2,1,2,1,0.5,1,26,4
7,1.7,0.6667,88.3,1,2,0,2,1,0.5,0,32,4
9,2,0.6667,89.3,1,2,1,3,1,0.5,1,31,8
1,1.7,0.3333,77.44,1,2,0.5,2,1,1,0,18,4
14,1,1,44.5,3,2,0.5,5,1,0.5,1,27,12
3,2.2,1,81.35,2,2,1,2,1,0.5,0,26,4
1,1.7,0.3333,84.8,3,2,0.5,1,1,0.5,1,11,3
4,2.9,0.6667,159.27,2,2,1,2,1,0.5,1,31,3
14,2.4,1,126.48,2,2,0.5,1,0.5,0.5,1,7,2
2,1.5,0.6667,89.07,2,2,1,2,1,0.5,1,32,3
7,1.5,1,85,2,2,0.5,1,0,0.5,1,7,2
14,1.5,0.3333,92.66,1,2,1,2,1,1,1,26,4
5,2.2,0.6667,88.01,3,2,1,2,1,0.5,1,28,4
14,1.5,0.6667,69.93,2,2,1,1,0.5,1,1,8,8
1,2.9,1,141,2,2,1,2,1,1,1,27,3
3,2.4,1,104.65,2,2,1,2,1,1,0,33,4
7,2.2,1,95.78,3,2,1,2,1,0.5,1,33,4
4,2.4,1,138.4,1,2,1,2,1,1,1,33,3
14,1.5,0.6667,70.12,2,1,0.5,1,0.5,0.5,1,7,4
2,2.4,0.3333,131.38,2,2,1,1,1,1,1,18,2
2,1,0.3333,46.7,3,0.5,0.5,3,1,0.5,1,30,12
2,2.9,0.3333,194.42,2,2,0.5,2,1,1,1,32,4
8,1,1,50,3,0.5,0.5,3,1,1,1,28,4
2,2.4,0.3333,149.13,1,2,0,2,1,1,0,32,4
14,2.2,0.6667,94.75,3,2,1,3,1,1,1,48,8
3,1,0.3333,40.06,3,2,0.5,3,1,0.5,1,34,8
3,2.4,0.6667,113.33,3,2,0.5,1,1,0.5,1,11,4
3,2.4,0.6667,113.65,2,1,0.5,1,0.5,0.5,1,6,2
5,2.4,1,118,3,2,0,2,1,0.5,0,13,4
14,2.2,1,101.99,1,2,0.5,1,0.5,0.5,1,7,2
2,2.4,1,151.67,2,2,0,5,1,1,1,56,7
1,0.8,1,40.15,3,2,0.5,3,1,0.5,1,26,10
5,2.2,0.3333,96.19,2,2,0.5,2,1,1,1,16,4
5,2.7,0.6667,82.55,2,2,0.5,1,0.5,1,1,5,3
3,1.7,1,59.51,2,2,1,2,1,1,1,18,4
5,2.4,0.3333,137.76,2,2,1,2,1,1,0,32,3
5,2.2,0.3333,132,3,2,1,2,1,1,0,18,3
14,2.2,0.6667,82.83,2,2,0.5,1,0.5,0.5,1,7,2
9,2.4,0.3333,109.43,2,2,0.5,1,0.5,0.5,1,6,2
14,2.4,0.6667,129.25,2,2,1,1,1,0.5,1,11,2
9,2.2,0.3333,97,2,2,0.5,3,1,1,0,18,6
9,2,1,110.34,2,2,1,1,0,0.5,0,33,4
1,2.2,0.6667,106.01,2,2,0.5,1,0.5,0.5,1,6,2
2,2.2,0.6667,109.62,2,2,0.5,2,1,0.5,0,32,6
1,3.2,0.3333,198.5,2,2,0,2,1,0.5,0,32,2
4,2.4,0.3333,126,2,2,1,1,0,1,1,25,4
1,1.7,0.6667,89.04,2,2,0,2,1,1,1,32,4
1,2.2,0.3333,104.61,3,2,0.5,2,1,1,0,28,4
14,2.4,0.6667,97.25,3,2,0,3,1,1,1,33,4
1,2.2,1,94,2,2,0,1,0,1,0,27,4
9,2.8,0.6667,177.65,2,2,0,1,0,0,0,6,2
2,2.9,0.6667,179.18,2,2,0.5,3,1,0.5,1,31,6
5,1.7,1,76.35,2,2,1,2,1,1,1,34,5
4,2.4,1,134.97,2,2,1,2,1,0.5,1,32,4
6,1.7,0.6667,84.36,1,2,0.5,2,1,1,1,34,4
7,1.7,0.3333,83.2,2,2,0.5,1,1,1,1,11,3
1,2.4,1,135.12,2,2,0,2,1,1,1,32,4
1,2.4,0.3333,122,2,2,0,1,0,1,1,11,2
2,1.3,0.3333,99,1,2,0,3,1,0.5,1,45,6
2,3.1,0.6667,142.81,3,2,1,3,1,0.5,1,47,6
9,2.4,0.6667,131.47,2,2,1,2,1,0.5,0,9,2
1,2.2,0.6667,93.44,2,2,0,2,1,0.5,0,34,4
1,1.5,1,84.21,2,2,0.5,2,1,0.5,1,18,4
4,2,0.6667,94.77,1,2,0,3,1,0.5,0,51,5
9,2.2,1,95.61,2,2,0.5,2,1,0.5,0,32,4
14,2.2,0.3333,100.19,2,2,1,2,1,1,1,33,4
3,1.7,1,88.91,2,2,0.5,2,1,0.5,1,30,4
1,2.4,0.6667,131.28,1,2,0.5,2,1,1,1,28,3
14,1.7,0.6667,68.08,2,2,1,3,1,0.5,1,35,6
2,2.2,0.6667,99.39,3,2,1,2,1,0.5,1,19,6
3,1.7,0.3333,93.37,2,2,1,1,1,0.5,1,9,2
8,2.2,0.6667,90.24,3,2,1,2,1,0.5,0,34,4
3,1.7,0.6667,97.76,2,2,0.5,1,0.5,1,0,4,2
7,2.4,0.3333,128.87,2,2,1,2,1,0.5,1,18,3
4,2.6,0.6667,157.37,1,2,0,2,1,0.5,0,32,2
3,2.2,0.6667,109.38,2,2,1,2,1,1,0,33,4
1,1.7,0.3333,96.65,3,2,0.5,2,1,0.5,1,18,3
3,2.9,1,106.75,2,2,1,2,1,0.5,0,33,4
1,2.4,0.3333,126.96,1,2,0.5,1,1,0.5,0,20,3
14,2.4,0.3333,123.19,2,2,1,3,1,0.5,0,32,6
1,2.4,0.6667,134.01,2,2,0,2,1,1,1,30,4
4,1.9,0.6667,110.11,2,2,1,1,0.5,0.5,1,7,2
14,2.2,0.6667,85.8,2,1,1,4,1,1,0,48,8
3,2.4,0.3333,107.03,2,2,0.5,1,0.5,0.5,0,6,2
14,2.7,0.3333,100.75,3,2,0.5,3,1,0.5,1,25,10
1,2.4,1,110.78,3,2,1,3,1,1,0,22,6
4,2.4,0.6667,122.88,1,2,0,2,1,0.5,0,33,4
2,2.4,1,122.49,2,2,0,2,1,0.5,0,31,4
5,2.4,0.3333,117,2,2,0,2,1,0.5,0,18,4
14,1.7,0.6667,87.93,1,2,1,2,1,0.5,1,32,4
2,1,0.3333,53.86,3,2,0.5,3,1,0.5,0,19,10
4,2.4,0.3333,152.66,3,2,0.5,1,0,0.5,0,18,2
1,2.2,0.6667,90.4,2,2,1,2,1,0.5,0,33,6
7,2.4,0.6667,125.1,1,2,1,1,1,0.5,0,11,2
2,2.2,1,106.82,3,2,0.5,1,0.5,0.5,1,7,4
3,1.7,0.6667,96.03,3,2,1,2,1,0.5,1,24,4
9,2.2,0.6667,87.18,2,2,0.5,1,0.5,0.5,1,7,4
4,2.2,0.6667,115.05,2,2,0.5,1,0,0.5,1,7,3
1,2.4,0.6667,125.92,3,2,1,1,1,0.5,0,13,2
4,1.4,0.6667,73.06,2,0.5,1,1,0.5,1,1,8,4
1,1.5,0.6667,75.92,2,2,0.5,1,0,0.5,1,7,2
1,1.7,1,93.29,3,2,1,1,0,1,0,12,2
4,1.5,0.6667,70.98,2,2,0.5,1,0,0.5,1,6,2
1,1,0.6667,34.59,3,2,0,6,1,1,1,29,5
2,2.9,0.3333,156.99,2,2,1,1,0.5,0.5,1,6,2
3,2.9,0.3333,133.67,3,2,1,2,1,0.5,0,18,4
3,2.4,0.6667,111.08,2,2,0.5,1,1,0.5,1,11,4
2,0.8,1,39.13,3,1,0.5,3,1,0.5,0,18,1
1,2.9,0.3333,138.06,2,2,1,1,1,1,1,11,2
14,2.4,0.6667,108.29,3,2,1,1,1,0.5,0,11,2
14,2.4,0.3333,144.31,2,1,1,2,1,0.5,0,30,4
7,1.7,0.3333,91.86,2,2,1,2,1,1,0,33,4
2,2.4,0.6667,133.81,2,2,1,2,1,0.5,0,21,10
1,2.4,0.3333,140.07,2,2,0.5,4,1,1,0,52,6
4,1.7,1,79.45,2,2,0.5,2,1,0.5,1,18,6
14,2.9,1,145.86,3,2,1,1,0,0.5,1,8,2
14,1.7,0.6667,109.57,3,2,0.5,1,0,0.5,1,8,2
14,1,0.3333,46.59,2,2,0.5,4,1,0.5,0,34,6
14,0.8,1,42.9,3,2,1,4,1,0.5,1,28,5
4,1,0.6667,59.45,1,0.2,1,2,1,1,1,32,6
14,1.5,0.6667,75.57,3,2,1,1,0.5,0.5,1,8,4
14,2,1,91.05,3,2,0.5,1,0.5,0.5,1,8,4
1,2.4,0.3333,128.81,3,2,0.5,1,1,0.5,1,11,3
3,2.4,1,137,3,2,0,2,1,0.5,1,33,3
1,2,1,85.31,2,2,1,1,0.5,0.5,1,6,4
3,2.4,1,120.47,2,2,0,1,0.5,0.5,1,6,2
4,1.5,0.6667,63.54,2,1,0.5,1,0,0.5,1,7,2
3,2.2,0.6667,91.85,2,2,1,1,1,0.5,1,11,2
1,1.7,0.6667,92.17,3,2,1,2,1,0.5,1,26,4
9,2.9,0.6667,171.19,2,2,0,1,0.5,0.5,1,6,2
3,2.4,1,137.16,3,2,0,1,0,0.5,0,26,3
1,2.4,0.6667,144.16,2,2,0.5,1,0,0.5,0,8,2
1,2.2,0.6667,98.72,3,2,1,1,1,0.5,1,11,4
2,1.7,0.6667,86.84,3,2,0,2,1,0.5,1,18,8
3,1.7,1,78.56,2,2,0.5,2,1,0.5,0,32,4
1,1.5,1,87.04,3,2,0.5,1,0.5,1,1,7,2
4,3.8,0.6667,237.36,2,2,0,2,1,1,1,32,2
3,2.4,0.6667,151.55,2,2,0.5,1,1,0.5,1,12,2
3,2.4,0.3333,122.64,2,2,1,2,1,0.5,0,18,3
1,1.5,1,82.29,2,2,0.5,2,1,0.5,0,26,4
1,2.4,0.3333,143.26,2,2,0.5,1,1,0.5,1,13,4
1,2.2,0.6667,89.35,2,2,0.5,2,1,1,1,29,4
14,2.4,0.6667,126.22,3,2,0.5,1,0,0.5,1,6,2
3,2.2,0.3333,85.64,2,2,0.5,1,1,0.5,1,10,2
1,2,1,108.98,3,2,1,2,1,1,1,27,4
1,2.9,1,128.43,2,2,0.5,1,0.5,0.5,1,7,2
2,1,1,54.13,3,2,0.5,1,1,0.5,1,11,4
3,2.4,0.3333,133.64,2,2,1,2,1,1,0,18,2
4,1.7,0.6667,90.91,2,2,0.5,3,1,0.5,1,44,4
3,1.7,1,89.94,2,2,0.5,2,1,1,1,33,4
4,1.7,0.3333,88.8,2,2,0,4,1,1,0,48,4
8,1.7,1,96,2,2,1,3,1,1,1,53,4
1,1.7,0.3333,97.5,3,2,0,4,1,0.5,1,31,8
3,2,1,87,3,2,1,2,1,1,0,31,4
3,2.4,0.3333,126.42,2,2,0.5,1,0.5,0.5,1,6,2
4,2.4,1,138.74,3,2,1,2,1,1,1,26,3
11,2.4,0.6667,111.88,1,2,1,2,1,0.5,0,32,4
2,2.2,0.3333,93.67,3,2,0,2,1,0.5,1,30,4
2,1.5,0.3333,99.56,3,2,0.5,2,1,0.5,0,18,4
14,1.5,0.3333,69.91,3,2,0.5,4,1,0.5,1,32,10
4,2,1,89.63,2,2,1,1,0.5,1,1,9,4
14,1.7,0.6667,80.37,1,2,1,1,0.5,0.5,1,7,2
2,2.4,0.6667,119.94,2,2,0,1,0.5,0.5,0,6,2
14,2.4,0.3333,119.6,2,2,1,2,1,0.5,0,29,4
12,2.6,0.6667,159.23,2,1,1,1,0.5,1,1,8,2
1,1.7,0.3333,81.98,2,2,0.5,2,1,1,1,30,4
7,1.7,1,89.91,3,2,1,1,0,1,1,46,6
2,3.2,0.6667,228.72,3,2,0,5,1,0.5,1,31,10
1,3.6,1,223.32,2,2,1,1,0.5,0.5,1,6,2
7,3.4,0.6667,222.21,2,2,0,2,1,0.5,1,53,4
1,4.3,0.6667,263.39,1,2,1,1,1,1,1,12,2
4,2.9,1,191.11,1,2,0.5,1,1,0.5,0,11,2
2,2.9,1,188.07,3,2,1,1,1,0.5,1,11,2
3,2.9,1,132.53,3,2,1,2,1,1,1,18,4
10,2.4,1,134.59,2,2,0,1,1,1,1,11,2
2,2.2,1,93.91,2,2,1,2,1,1,0,18,4
1,3.4,0.3333,162.45,2,2,0.5,1,1,0.5,1,11,2
1,3.4,0.3333,268.34,2,2,0.5,1,0.5,1,1,3,4
3,2.9,1,127.89,3,2,0,1,1,0.5,1,11,2
14,2.4,0.6667,129.15,3,2,0.5,2,1,1,1,25,4
3,2.4,0.3333,133,1,2,1,2,1,0.5,1,24,3
4,2.2,0.6667,84.28,1,2,0.5,2,1,1,0,31,4
14,2.4,1,113.87,2,2,0,2,1,0.5,0,33,4
3,2.9,0.6667,139.49,2,2,0.5,1,0.5,1,1,5,2
7,3.4,1,222.81,3,2,0,2,1,0.5,0,33,3
1,2.2,0.3333,86.89,3,2,1,2,1,0.5,0,24,4
1,2.9,0.3333,185.5,2,2,1,2,1,0.5,1,14,4
1,2.4,0.6667,137.34,3,2,1,1,1,0.5,1,18,2
7,2.9,1,186.09,2,2,0,1,1,0.5,1,6,2
4,1.5,1,86.57,3,2,1,3,1,0.5,1,25,12
1,2.4,0.3333,142.83,3,1,0,4,1,0.5,0,28,8
3,1.7,0.6667,58.87,2,2,1,2,1,1,1,18,4
1,1,0.6667,40.77,2,2,1,4,1,1,0,22,8
5,1.7,1,95,2,2,1,2,1,1,0,32,5
8,1.7,1,78.3,2,0.2,1,1,1,1,1,19,1
3,3.4,1,120.6,2,2,1,1,1,0.5,1,10,2
1,3.6,1,184.37,3,2,1,1,1,0.5,1,11,4
1,3.4,1,164.61,2,2,1,1,1,0.5,0,11,2
2,1,0.3333,46.97,3,2,0.5,2,1,0.5,0,18,8
7,1,0.3333,45,2,2,1,1,1,0.5,1,16,5
4,1,1,51,2,2,1,4,1,1,1,33,8
3,1.5,0.6667,73.18,2,2,1,2,1,1,1,32,4
9,3.8,1,168.18,2,2,0.5,1,0.5,1,0,6,2
2,1.9,0.3333,120.37,2,2,1,1,1,0.5,1,11,2
2,2.2,0.3333,142.9,3,2,0.5,2,1,0.5,0,28,3
4,1,1,57.8,3,2,0,4,1,0,0,30,6
1,2,1,87.46,2,2,0.5,1,0.5,0.5,1,6,2
4,2.4,0.6667,150.85,1,2,0,2,1,0.5,0,33,4
1,1.7,0.3333,74.56,2,2,0.5,1,0.5,1,1,7,2
5,2.4,0.3333,125.11,2,2,1,1,0.5,0.5,0,6,2
2,1,0.6667,35.34,2,2,0.5,1,0.5,0.5,1,9,3
6,2.9,0.3333,154.47,2,2,0,1,1,1,1,33,3
9,2.4,0.6667,130.5,2,2,0,1,1,0.5,1,11,2
2,2.4,1,124.16,2,2,1,1,0.5,0.5,1,6,2
9,2.2,0.3333,136.89,1,2,0,2,1,1,1,10,2
9,2.2,0.6667,89.94,2,2,0.5,1,1,0.5,1,15,2
3,2.4,0.6667,116.39,2,2,1,1,0.5,0.5,1,5,2
9,1.7,0.3333,89.76,1,2,1,3,1,1,1,27,6
2,2.4,0.3333,211.01,2,2,1,5,1,0.5,1,56,7
4,2,0.6667,94.54,0,2,0.5,1,0,0.5,1,7,2
2,2.4,0.6667,132.49,2,2,1,1,0.5,0.5,1,6,2
14,2.4,1,117.74,3,2,0.5,1,0,0.5,1,7,2
9,2.2,0.6667,91.84,2,2,1,2,1,0.5,1,29,4
4,1.5,0.6667,73.92,2,2,0.5,1,0.5,0.5,1,8,3
1,2.4,0.3333,121.96,2,2,0.5,1,1,0.5,0,12,3
3,1.7,0.3333,82.06,2,2,1,1,0.5,0.5,1,6,2
6,2.2,0.3333,87.22,2,2,0.5,2,1,1,0,18,4
3,1.5,0.3333,59.54,2,2,1,2,1,0.5,1,26,4
4,1.5,0.6667,75.52,2,2,0.5,1,0.5,1,1,6,2
1,2.4,0.6667,130.03,2,2,1,1,1,0.5,1,11,2
1,2.4,0.6667,119.76,2,2,0.5,3,1,0.5,1,45,4
2,2.2,0.6667,96.32,3,2,0,2,1,0.5,1,33,2
4,2.4,0.6667,161.79,3,2,0.5,3,1,0.5,1,30,8
5,1.7,0.6667,83.85,2,2,1,2,1,1,1,32,6
14,1.7,0.3333,90.63,2,2,1,2,1,0.5,0,27,4
7,1.7,0.6667,81.76,1,2,1,2,1,0.5,1,33,5
3,2.9,0.3333,136.37,2,2,1,2,1,0.5,0,18,2
1,1.7,1,68.49,2,2,1,2,1,1,0,33,6
1,2.4,0.3333,118.91,2,2,0.5,1,0.5,0.5,1,6,2
7,2.4,0.6667,113.5,2,2,1,2,1,1,1,40,4
14,1.5,0.3333,58.43,1,2,1,4,1,1,1,30,8
8,1.5,1,79,2,2,0.5,1,0,0.5,1,7,2
1,1.5,0.6667,94.99,2,2,1,3,1,0.5,1,34,5
4,1.7,0.3333,79.99,2,2,0.5,2,1,0.5,0,34,6
9,1.5,0.6667,86.34,1,2,1,1,0.5,0.5,0,6,2
9,2,0.3333,94.7,2,2,0.5,1,0.5,1,1,6,4
8,1.5,0.6667,77,0,2,0.5,1,1,1,0,18,4
2,1,1,56.37,3,1,0.5,1,0.5,0.5,1,7,2
14,1.5,0.6667,98.63,2,2,1,2,1,0.5,1,32,4
4,2,0.6667,90.58,1,2,0,2,1,0.5,1,32,4
9,3.4,0.6667,188.59,2,2,0.5,1,0.5,0.5,1,5,5
1,1.7,1,91.69,2,2,0.5,2,1,1,0,26,4
4,1.5,1,79.2,1,2,0.5,1,0,0.5,1,15,4
9,1.7,0.6667,98.91,1,2,1,1,0,0.5,1,11,4
9,1.7,0.3333,83.17,1,2,1,2,1,0.5,1,32,4
4,1,0.6667,50.85,0,2,0.5,1,0,1,1,8,4
1,1.7,0.6667,86.72,2,2,1,1,0,0.5,0,34,4
9,1.7,0.6667,95.86,1,2,0,3,1,1,1,25,6
9,1.7,0.3333,91.31,2,2,1,2,1,1,0,32,4
2,3.1,0.6667,262,2,2,1,2,1,0.5,1,30,2
14,2,0.6667,94.21,2,0.2,0.5,1,0,0.5,1,7,2
14,1.7,0.3333,64.22,2,2,0.5,1,0.5,0.5,1,6,2
14,2.9,0.6667,146.94,3,2,0.5,1,0.5,1,1,8,2
13,2.4,1,100.8,1,2,0,1,0.5,0.5,1,6,2
2,2.7,0.6667,184.25,3,2,1,1,0,0.5,1,12,2
11,2.4,0.3333,119.37,2,2,1,1,0,0.5,0,9,2
5,1.7,1,92.42,2,2,1,1,1,1,0,11,2
5,1.7,1,85.63,2,2,0.5,1,1,1,1,11,2
1,1.7,1,93.46,2,2,1,1,1,0.5,1,10,2
1,1.5,1,66.76,2,2,1,2,1,0.5,0,33,6
1,1.7,1,93.01,2,0.5,1,2,1,0.5,0,32,4
5,2,1,110.68,2,2,0,2,1,0.5,0,34,5
8,1.7,0.6667,76.89,2,2,0.5,1,1,0.5,1,11,4
8,2.9,0.3333,123.46,2,2,1,1,1,0.5,1,11,2
8,1,0.3333,52.74,3,0.5,0.5,2,1,1,1,19,7
7,1.7,1,96.23,3,2,1,2,1,0.5,1,19,3
2,1.7,0.6667,82.04,2,2,1,2,1,1,0,32,4
2,1,0.3333,46.99,3,2,1,2,1,0.5,0,18,8
2,2.9,0.6667,132.64,2,2,1,2,1,0.5,1,18,4
8,1,1,49.81,1,2,1,3,1,0.5,1,45,12
3,2.2,0.6667,93.79,3,2,1,2,1,0.5,0,32,4
3,2.2,0.6667,87.1,2,2,0.5,2,1,1,0,18,6
4,1.5,1,60.65,2,1,0.5,1,0,0.5,1,5,2
3,2.4,0.6667,116.7,2,2,0.5,1,1,1,1,11,4
4,1.9,0.3333,94.34,1,2,1,2,1,1,1,29,4
1,2,1,89.65,1,2,1,2,1,1,0,33,4
1,1.7,0.3333,73.82,3,2,0.5,3,1,0.5,1,33,8
2,2.4,1,153.05,3,2,1,1,1,1,1,11,2
1,2.4,1,126.5,3,2,0,2,1,0.5,1,18,4
11,2,1,91.02,2,2,0.5,2,1,0.5,1,32,6
3,1.5,1,87.28,2,2,0.5,2,1,1,0,33,4
3,2.4,0.6667,148.72,3,2,1,1,1,1,1,16,3
9,2.7,1,89.78,2,2,0,1,0.5,0.5,0,6,2
3,2.9,0.3333,172.3,3,2,0.5,2,1,1,1,18,3
14,2.7,1,142,2,2,0.5,1,0,1,1,8,3
8,2.2,1,131.1,2,2,0.5,1,0,0.5,1,15,4
1,1.7,0.3333,80.77,3,2,0.5,2,1,0.5,1,18,3
1,2.9,0.6667,147.67,1,2,0.5,2,1,0.5,1,17,2
1,2.4,0.3333,132.33,2,2,0.5,1,1,0.5,1,12,2
1,1.7,1,96.96,2,2,0.5,1,0.5,0.5,0,7,2
2,2.4,0.6667,118.09,2,2,0.5,1,0.5,0.5,1,6,2
9,2.9,0.3333,193.07,1,2,0.5,1,1,0.5,1,12,2
1,2.4,1,118.16,2,2,1,2,1,0.5,0,28,4
3,2.4,1,142.69,2,2,0,1,0.5,0.5,1,6,2
7,1.7,1,82.13,2,2,1,2,1,1,1,34,4
2,1.5,1,76.68,3,2,0.5,1,0,1,1,7,5
1,1.7,1,94.06,2,2,1,1,0,0.5,0,32,4
1,1.7,1,70.23,2,2,1,2,1,0.5,1,34,6
3,2.4,0.6667,113.27,2,2,1,1,0.5,0.5,0,5,2
9,2.4,0.6667,143.16,2,2,0.5,2,1,0.5,1,32,4
14,1.2,0.3333,85.79,3,2,0.5,2,1,0.5,1,27,8
1,2.4,1,126.09,2,2,1,1,0.5,1,1,6,2
6,2.4,0.6667,123.99,2,2,0,1,0,1,1,33,3
10,2,0.6667,97.65,2,2,0.5,2,1,0.5,1,30,6
14,2,0.6667,75.9,0,2,0,1,0,0.5,1,5,2
4,2.2,1,122.86,2,2,1,1,0.5,0.5,1,8,2
1,2.2,0.3333,122.07,2,2,0.5,2,1,0.5,1,18,6
2,2.4,0.3333,146.55,3,2,0,1,0,0.5,1,9,2
1,2.4,1,138.39,3,2,0,1,1,0.5,1,11,2
14,2.4,0.6667,141.64,2,2,0.5,1,1,0.5,1,10,3
4,1.7,1,59.93,2,2,1,4,1,0.5,0,33,8
7,2.4,0.6667,146.98,3,2,0,1,1,0.5,1,11,3
5,2,0.6667,90.39,2,2,0.5,1,0,1,1,6,2
1,2.2,1,110.5,2,2,1,2,1,1,1,33,4
2,1.5,0.6667,66.4,2,2,1,1,0.5,1,1,6,2
7,2.2,1,91.32,2,2,1,1,0,0.5,1,11,4
1,2.2,1,103.93,1,2,1,2,1,1,1,17,2
14,1.5,0.3333,101.48,2,2,0.5,2,1,0.5,0,16,6
4,1.7,1,83.92,1,2,0,2,1,0.5,1,31,4
4,2.2,0.6667,96.54,3,2,1,1,0,0.5,0,8,5
4,2.2,0.6667,118.39,2,2,0,1,1,0.5,1,10,2
2,2.4,0.3333,116.12,2,2,0.5,2,1,0.5,1,27,9
2,2.4,0.6667,125,1,2,1,2,1,0.5,1,30,5
3,1.7,0.3333,85.51,2,1,1,1,0.5,1,0,6,2
1,2.9,1,134.32,3,2,0,2,1,0.5,1,25,3
1,1.7,1,82.25,2,2,0.5,1,0.5,0.5,1,6,2
14,2.4,1,133.38,2,2,0.5,2,1,0.5,1,26,4
1,3.6,1,229.22,2,2,1,1,0.5,1,1,6,2
3,2.4,0.6667,128.6,2,1,0.5,1,0.5,1,1,8,3
2,2,0.3333,107.27,3,2,1,2,1,0.5,1,24,8
1,2.4,0.3333,119.52,2,2,1,2,1,0.5,0,18,4
14,2.4,1,142.7,2,2,1,1,1,1,1,11,2
14,2.4,0.6667,142.4,2,2,1,1,1,1,1,11,2
1,1.7,1,86,2,2,0.5,1,0,0.5,1,7,2
1,2.4,0.6667,130,2,2,0.5,1,1,0.5,0,11,3
3,2.9,1,182.41,3,2,1,1,1,1,1,12,2
1,2.2,0.3333,87.99,2,2,1,1,0,0.5,1,17,4
1,2.4,0.6667,126.51,3,2,1,2,1,0.5,1,18,4
8,2.4,0.6667,145.07,3,2,1,2,1,0.5,1,18,4
1,1.5,0.3333,72.59,3,2,1,3,1,1,0,33,8
1,2.2,0.6667,112.91,3,2,1,1,0,0.5,1,8,4
4,2.2,1,127.83,2,2,1,1,0.5,1,1,8,4
2,2.4,1,135.67,3,2,0.5,1,1,0.5,1,8,4
7,2.2,1,88.06,3,2,0,2,1,0.5,1,34,4
14,2.4,0.6667,126.48,2,2,1,1,1,0.5,0,11,2
1,2.2,0.3333,126.89,2,2,1,2,1,1,0,34,4
7,2.9,0.3333,148.46,2,2,1,1,0,0.5,0,33,4
1,2.4,0.6667,115.49,1,2,0,2,1,0.5,0,34,4
1,2.2,0.3333,94.93,3,2,1,2,1,1,0,33,6
4,2.4,1,134.73,2,2,0.5,2,1,0.5,1,32,3
2,2.2,0.3333,127.31,1,2,1,2,1,0.5,1,32,3
3,1.7,0.3333,86.8,2,2,0,1,0.5,0.5,0,6,2
1,2.2,0.3333,95.23,2,2,0.5,1,0,0.5,1,6,2
2,2.4,0.3333,132.67,3,2,0.5,1,1,0.5,1,11,2
9,1.7,1,92.02,3,2,1,1,0,1,0,29,4
3,1.5,0.3333,81,2,2,0,2,1,0.5,0,18,4
4,1,1,55.34,3,2,1,2,1,1,1,27,7
14,1.7,1,78.82,2,2,1,4,1,1,1,45,9
8,1.3,0.6667,117.98,2,2,1,2,1,0.5,1,24,4
2,2.4,1,147.96,3,2,1,2,1,0.5,1,22,3
2,1.5,1,57.86,3,2,0.5,1,0,1,1,7,4
4,2.4,0.6667,129.09,3,2,0.5,1,1,0.5,1,11,2
1,1.7,0.3333,99.65,2,2,0.5,2,1,0.5,1,32,4
3,2.4,1,115.95,2,2,0,2,1,0.5,1,32,4
4,2.4,0.3333,124.49,1,2,0,2,1,0.5,1,33,3
1,2.4,0.6667,137.12,2,2,0.5,1,0.5,0.5,1,7,2
4,2.4,0.3333,134.73,2,2,0.5,2,1,0.5,1,32,3
3,1.7,0.3333,87.26,2,2,1,1,1,1,0,11,4
14,2.9,1,170.86,2,2,0.5,2,1,0.5,1,32,2
3,2.4,1,110.89,2,2,1,2,1,1,0,34,4
4,2,0.6667,86.71,1,2,1,2,1,0.5,1,34,5
2,2.4,0.6667,140.35,3,2,1,3,1,0.5,1,31,8
3,2.9,1,87.9,2,2,0.5,1,0.5,0.5,1,6,2
2,2.2,0.6667,113.52,3,2,0.5,2,1,0.5,1,34,4
2,2.2,0.6667,95.33,2,2,0.5,2,1,0.5,0,34,4
2,2.9,1,131.54,1,2,0,2,1,0.5,0,33,2
2,1.5,0.3333,60,2,2,0.5,1,0,0.5,1,6,6
3,2.2,0.6667,105.07,2,2,0.5,2,1,0.5,0,30,4
14,2.9,0.6667,200.77,3,2,0,3,1,0.5,0,57,4
7,3.4,0.3333,236.21,3,2,0,3,1,1,0,45,6
1,2.4,0.3333,119.34,2,2,1,3,1,0.5,1,45,4
1,2.4,0.3333,161.48,2,2,0.5,1,1,1,0,11,2
14,1.7,0.3333,91.69,2,2,1,2,1,1,0,28,4
2,2.4,0.3333,131.4,2,2,0,2,1,0.5,0,33,4
2,2.2,0.3333,89.15,1,2,0,2,1,0.5,1,32,4
1,1.5,0.6667,88.92,3,2,1,2,1,0.5,1,29,4
7,0.8,1,48,3,1,0.5,3,1,0.5,1,24,10
14,1.7,1,85.38,2,2,1,2,1,1,1,32,4
1,1.7,1,90.37,2,2,1,2,1,1,0,26,6
2,2.4,0.3333,132.78,2,2,1,3,1,1,1,31,6
3,2.4,0.6667,123.78,2,2,0.5,2,1,1,1,18,4
1,0.8,1,40,3,0.2,1,3,1,1,1,26,10
3,1.7,0.3333,90.48,2,2,0.5,2,1,1,1,33,4
1,1.7,1,82.6,2,2,0,2,1,0.5,0,28,4
2,1.7,0.6667,91,2,2,1,2,1,0.5,1,27,3
2,1.5,0.6667,87.62,2,2,0.5,2,1,0.5,1,23,8
14,1.5,0.3333,67.76,2,0.5,0.5,1,0.5,0.5,1,7,6
14,2.2,1,90.4,2,2,1,2,1,1,1,31,4
4,2.4,1,135.44,3,1,0.5,2,1,1,1,23,3
3,2.2,0.3333,99.4,2,2,1,2,1,1,0,26,5
9,1.7,1,87,1,2,0.5,2,1,0.5,1,30,4
3,1.7,1,86.87,2,2,1,1,0,0.5,1,33,4
1,1.7,0.3333,81.71,2,2,1,2,1,0.5,1,34,4
14,2.2,0.3333,113.3,3,2,0.5,1,1,1,1,9,2
1,1.7,0.6667,77.5,2,2,1,2,1,1,1,18,6
1,1.7,0.3333,89.41,2,2,1,2,1,1,1,32,4
1,1.7,0.3333,83.97,2,2,0.5,2,1,1,0,18,4
3,2.4,0.6667,151.42,2,2,0,2,1,0.5,0,18,2
2,2.2,0.6667,104.48,2,2,1,1,0.5,0.5,1,6,2
1,2.4,0.6667,132.53,2,2,0.5,2,1,0.5,1,18,4
9,2.4,0.3333,117.01,3,2,0.5,1,0.5,0.5,1,7,2
1,2.2,1,94.42,1,2,0,1,0,0.5,1,6,3
1,2.2,0.6667,118.98,3,2,0.5,1,0,0.5,0,8,2
9,1.5,0.6667,67.39,2,2,0.5,1,0.5,1,1,6,3
1,2.4,0.6667,116.05,2,2,1,1,1,0.5,1,16,2
1,2.2,0.6667,87.51,2,2,1,2,1,0.5,0,29,4
3,1.7,0.3333,63.52,2,2,1,2,1,1,1,26,4
3,2.2,0.3333,91.9,2,2,1,2,1,0.5,1,18,4
14,2.2,1,101.99,1,2,0.5,1,0.5,0.5,1,7,2
14,2.2,0.3333,96.67,2,2,0.5,1,0.5,1,1,7,2
1,2.4,0.6667,128.75,3,2,0,2,1,0.5,0,29,4
1,2.4,0.6667,120.6,2,2,1,2,1,1,1,18,4
2,2.4,0.6667,133.8,2,2,1,2,1,0.5,0,18,4
3,2.2,0.6667,90.42,2,2,1,2,1,0.5,0,11,2
1,2.4,1,108.38,2,2,0,2,1,0.5,1,34,4
3,2.4,1,119.38,1,2,0,1,1,0.5,1,9,2
14,2.4,0.3333,140.03,2,2,0,2,1,0.5,0,55,4
3,2.7,0.3333,126.27,2,2,0,2,1,1,0,32,4
6,1.7,0.3333,88.19,2,2,1,1,0,0.5,0,25,4
8,2.2,0.3333,90.64,3,2,1,2,1,1,1,34,4
3,2.4,1,123.64,2,2,0.5,2,1,0.5,0,33,4
1,2.4,0.6667,136.21,2,2,0.5,1,0.5,0.5,1,6,2
1,2.2,0.3333,93.08,2,2,0.5,1,0.5,0.5,1,6,2
2,1,0.3333,45.54,3,2,0.5,3,1,1,1,18,1
9,3.6,1,163.89,2,2,0.5,1,0.5,0.5,1,6,2
4,1.9,0.3333,76.1,2,1,1,3,1,1,0,17,5
2,1.7,1,105.97,3,2,0.5,1,1,0.5,1,12,3
5,2.9,0.6667,146.36,2,2,0,1,0,1,1,6,2
14,2.2,1,145,2,2,1,2,1,1,0,28,2
7,1,0.6667,88.02,3,2,0,2,1,1,1,54,3
3,2.4,0.3333,140.97,2,2,1,1,1,1,1,8,2
3,2.4,0.6667,105.47,3,2,1,1,1,1,0,18,2
3,2.4,0.3333,123.89,2,2,0.5,1,0,0.5,1,5,2
10,2.4,1,134.37,2,2,0.5,1,0.5,1,0,11,2
4,2.2,0.6667,146.96,3,2,1,2,1,0.5,0,28,4
3,2.2,0.3333,98.95,1,2,1,2,1,1,0,34,6
1,2.4,0.3333,108.91,2,2,1,2,1,0.5,0,18,4
2,2.2,1,92.6,2,2,1,2,1,0.5,0,32,4
4,1.7,0.3333,89.53,2,2,0,2,1,1,1,32,5
8,1.7,0.6667,82.42,2,2,0.5,1,1,0.5,1,11,4
3,2,0.6667,112.73,2,2,1,2,1,1,0,32,3
1,2.9,1,140.98,2,2,1,1,0.5,0.5,1,6,2
1,1.7,0.3333,90.64,3,2,0,4,1,1,0,28,8
1,1.7,0.3333,90.64,3,2,0,4,1,1,0,28,8
8,1,0.6667,42.29,2,2,0.5,1,0.5,0.5,1,8,3
1,1.7,0.6667,97.23,2,2,1,4,1,0.5,0,52,6
3,1.7,1,81,2,2,1,2,1,0.5,0,32,4
7,2,0.6667,87.88,2,2,1,2,1,0.5,0,29,5
1,2.4,0.6667,118.96,2,2,1,2,1,1,0,26,4
1,2.2,0.3333,88,1,2,1,2,1,0.5,0,27,4
2,1.9,0.6667,101.23,2,2,1,1,0.5,1,1,7,2
4,2.7,0.3333,121.38,2,2,1,2,1,0.5,1,25,4
1,3.4,1,189.65,3,2,1,1,1,0.5,1,11,2
3,2.7,0.3333,118,2,2,1,2,1,0.5,0,33,4
3,2,0.6667,80.42,2,2,1,2,1,1,0,18,4
9,2.4,0.6667,84.54,2,2,1,1,1,1,1,8,4
4,1.9,0.3333,91.17,3,2,0.5,2,1,1,0,17,4
8,1.5,0.6667,47.79,3,1,1,1,0.5,0.5,1,8,6
3,2.4,0.3333,107.03,2,2,1,2,1,1,0,32,4
3,2.2,1,98.51,2,2,1,1,1,1,1,11,4
1,2.2,1,88.88,2,2,1,2,1,1,0,11,4
3,2,1,95.84,2,2,0,2,1,1,0,28,4
7,1.5,0.6667,76.99,2,2,1,2,1,0.5,1,31,4
11,2.2,0.3333,131.32,3,2,1,1,1,1,1,12,4
6,2.4,1,123.28,2,2,1,1,0,0.5,1,6,2
1,3.6,1,194.83,3,2,1,1,0.5,0.5,1,7,2
8,1.7,1,86.78,2,2,0.5,1,1,0.5,1,11,3
1,1.7,1,68.84,2,2,0.5,1,0.5,0.5,1,6,4
3,2.2,0.3333,108.6,3,2,0.5,2,1,0.5,1,22,3
7,2.2,1,94.83,2,2,0.5,1,0.5,0.5,1,7,4
5,2.9,0.6667,149.85,2,2,0,1,0,0.5,1,5,2
1,1.7,0.6667,105.12,2,2,0.5,5,1,0.5,0,14,9
4,2.1,1,144.76,1,2,1,1,1,0.5,0,11,2
8,1,1,45.5,2,2,0.5,1,0,0.5,1,7,1
9,1.7,1,86.77,2,2,1,1,0.5,0.5,1,6,2
4,2.4,0.6667,136.49,2,2,1,1,0,0.5,1,7,2
8,1.7,1,115.43,3,2,0.5,1,1,0.5,1,11,2
2,2.2,1,85.45,2,2,0.5,1,0.5,0.5,1,7,3
2,2,1,80.67,3,2,0.5,1,0.5,0.5,1,7,2
4,1.9,0.3333,91.7,2,2,0.5,1,0.5,0.5,1,6,2
5,2.4,1,129,1,2,1,1,1,1,1,11,2
3,1.7,0.6667,100.75,2,2,0,1,0.5,1,1,6,2
3,1.7,1,84.39,2,2,0.5,2,1,0.5,1,18,7
1,2.2,0.6667,117.12,2,2,1,2,1,0.5,0,23,3
1,1.7,1,92.24,2,2,0.5,2,1,1,0,18,4
7,1.7,0.6667,92.8,3,2,0.5,1,0,0.5,1,13,4
3,2.9,0.6667,137.91,2,2,1,1,0.5,1,1,6,2
4,1.5,0.3333,59.53,2,2,0.5,4,1,1,1,33,8
3,1,1,38.12,2,2,1,4,1,1,0,8,4
3,2.2,1,95.98,2,2,0,1,0,0.5,0,33,4
2,0.8,1,35.77,3,2,0.5,6,1,0.5,1,26,10
14,1.7,0.6667,82.46,2,2,0,2,1,0.5,1,11,4
9,1.7,0.3333,73.4,2,2,1,2,1,0.5,1,16,4
7,2.2,1,91,1,2,0,2,1,0.5,0,33,5
14,1.7,0.3333,96.83,2,2,0,3,1,1,1,34,8
2,2.9,0.3333,168.29,1,2,0.5,2,1,0.5,0,32,3
2,2.4,0.6667,94.7,2,2,0,2,1,1,1,33,4
14,1.7,0.3333,88.98,2,2,1,2,1,1,1,32,4
1,1.7,0.3333,85.05,1,2,1,2,1,0.5,0,33,4
4,1.7,1,89.4,3,2,1,1,1,0.5,0,12,3
3,2.4,0.3333,132.02,1,2,0,2,1,1,0,33,5
9,1.7,0.6667,93.72,2,2,1,2,1,0.5,1,32,4
4,1.7,0.3333,88.71,1,2,0.5,3,1,0.5,1,45,4
8,2.4,0.3333,117.94,3,0.5,0.5,2,1,0.5,1,30,3
2,1.5,1,71.45,3,2,0.5,1,0.5,0.5,1,7,6
1,1.7,1,90.88,2,2,0,2,1,0.5,1,28,4
14,1.7,1,92.61,2,2,1,2,1,1,1,32,4
5,1.7,0.6667,87,2,2,0,2,1,0.5,0,25,4
9,1.7,1,88,2,2,1,2,1,1,0,18,3
8,1.5,0.6667,86.83,3,2,1,3,1,1,1,32,4
1,1.7,0.6667,81.62,2,2,1,1,0,1,1,17,4
8,2.4,0.3333,127,2,2,0.5,1,1,1,1,11,2
1,2.9,0.6667,352.23,2,2,0,2,1,0.5,1,50,2
5,2.4,1,74.36,2,2,1,1,1,0.5,0,11,2
8,2.2,1,111,2,2,0.5,3,1,0.5,1,45,3
14,2,0.3333,127,3,2,1,3,1,0.5,1,26,7
1,1.7,0.3333,85.11,2,2,1,1,0.5,1,0,6,2
1,1.9,0.3333,109,2,2,0.5,1,0,1,1,6,4
8,1.7,1,88.62,3,2,1,2,1,0.5,1,18,4
5,2.4,0.3333,149.35,3,2,0,2,1,1,1,28,3
3,1,1,42.94,2,2,1,3,1,0.5,1,31,7
2,2.2,0.6667,94.72,3,2,0,2,1,0.5,1,32,4
1,2.4,0.6667,116.83,3,2,1,2,1,0.5,1,34,4
3,1.7,0.3333,77.92,2,2,0.5,1,0,1,1,18,4
8,0.8,0.3333,38.4,3,2,0.5,2,1,0.5,1,9,9
2,1,0.3333,46.71,3,0.5,1,3,1,1,1,30,12
3,2.2,0.6667,81.32,2,2,1,2,1,0.5,1,18,4
3,2.4,0.3333,132.45,1,2,0,2,1,0.5,0,33,4
4,2.4,0.6667,147.15,2,2,0,1,0.5,0.5,1,5,2
1,2.9,1,199.49,1,2,1,2,1,1,0,17,2
1,2.9,0.3333,134.12,3,2,1,2,1,1,1,25,3
14,1.7,0.3333,85.27,1,2,1,2,1,0.5,0,32,5
3,1.7,0.3333,89.58,3,2,0.5,1,1,0.5,1,11,2
3,0.8,0.3333,36.49,3,0.2,0.5,1,1,0.5,0,22,7
4,1.7,0.6667,90.38,3,2,0.5,2,1,1,1,11,4
1,2.2,0.3333,88.95,1,2,1,2,1,0.5,0,32,6
14,2.4,1,114.07,3,2,0.5,2,1,0.5,1,20,6
4,1.7,0.6667,71.61,2,0.2,0.5,2,1,0.5,1,11,6
3,0.8,0.6667,36.34,3,0.2,0.5,2,1,0.5,0,27,12
3,1.5,0.6667,55.93,3,2,0.5,3,1,1,1,33,8
14,1.7,0.6667,98.63,2,2,0.5,2,1,0.5,0,32,4
4,1.7,0.6667,90.14,2,2,0,2,1,1,0,32,3
11,2,1,90.23,2,2,1,1,0,1,1,31,4
1,1.7,1,95.06,2,2,0.5,2,1,1,0,22,3
5,1.7,0.6667,91,2,2,0.5,2,1,1,0,18,4
3,2.4,0.6667,137,2,2,0.5,2,1,1,1,18,4
2,1.7,0.6667,86.7,2,2,1,1,0,0.5,1,32,4
8,1.7,0.6667,89,2,2,0,3,1,0.5,1,40,4
3,1.7,1,111.22,2,2,1,1,0,0.5,0,6,2
7,1.5,1,78.64,2,2,1,1,0.5,0.5,0,7,2
3,1.7,0.3333,88.87,2,2,1,2,1,1,1,28,4
9,2.2,1,81.02,2,2,0.5,1,0.5,0.5,1,7,2
7,1,0.6667,47.75,1,2,0.5,5,1,0.5,0,30,10
7,1.7,1,71.5,2,2,1,1,1,1,0,16,5
6,1.5,0.3333,88.34,2,2,1,1,0,1,0,32,4
2,1.7,0.3333,94.05,3,2,1,2,1,1,1,18,4
1,1.5,0.3333,70.83,0,2,0,1,0.5,0.5,0,1,1
14,1.5,0.3333,62.5,2,2,0.5,1,0.5,1,1,6,2
1,2.9,1,134,2,2,0,1,1,1,1,6,2
1,3.6,1,152.43,2,2,1,1,0.5,0.5,1,6,2
1,2.4,0.3333,132.53,2,2,0.5,2,1,1,0,18,4
14,2.9,1,137.92,2,2,0,1,0,0.5,1,33,4
4,2.9,0.3333,141.41,3,2,1,2,1,0.5,1,25,4
4,1.7,0.6667,109.28,3,2,1,2,1,0.5,1,19,6
4,1.5,1,65.83,2,2,0.5,1,0.5,0.5,1,7,2
7,2.2,1,96.26,3,2,1,2,1,0.5,0,18,4
1,2.4,0.3333,127.7,3,2,1,1,1,0.5,1,11,2
1,1.7,0.6667,88.92,3,2,1,2,1,1,0,29,4
2,1.5,0.3333,80.34,3,2,1,2,1,1,1,24,8
12,2.4,1,132.85,2,2,0.5,1,0.5,1,1,6,2
4,1.5,0.6667,61.8,3,2,0.5,1,0.5,1,1,8,4
3,2.9,0.3333,157.84,2,2,1,1,0.5,0.5,1,7,2
1,1.7,0.6667,82.64,3,2,0.5,2,1,0.5,0,21,5
3,2.2,0.3333,98.37,2,2,0,2,1,0.5,0,29,4
14,1.5,0.3333,68.1,2,1,0.5,2,1,1,1,27,7
1,4.8,1,175.84,3,2,1,1,1,0.5,1,6,2
3,2.6,1,187.97,3,2,1,2,1,0.5,1,18,2
4,2.2,1,109.76,3,2,0.5,1,0.5,0.5,1,7,2
4,2.4,0.3333,143.39,3,2,1,1,1,0.5,1,13,2
3,2.9,0.3333,157,2,2,1,2,1,0.5,1,32,4
14,1.7,0.6667,85.71,3,2,1,1,0.5,0.5,1,8,3
4,1.9,0.3333,98,1,2,0.5,3,1,0.5,1,48,3
14,2.2,0.6667,123.16,3,1,0,4,1,1,0,57,5
2,2.2,0.6667,89.1,1,2,0,3,1,1,0,34,4
1,2.9,0.3333,141.65,2,2,1,2,1,0.5,1,27,3
7,2.4,1,109.25,1,2,1,2,1,1,1,11,4
4,2.4,0.6667,134.69,2,2,1,2,1,1,1,32,3
3,2.2,1,94.03,2,2,1,3,1,1,0,32,7
3,2,1,83.47,3,0.5,1,3,1,1,0,32,7
3,2.2,1,106.23,2,2,0,2,1,1,0,33,5
3,2.2,0.3333,103.73,1,2,1,2,1,1,1,32,4
4,1.5,1,104.76,2,2,0,1,0,1,1,33,3
1,1.7,1,91,2,2,0.5,2,1,1,0,28,4
9,2.9,1,168.3,3,2,1,1,0,0.5,0,7,2
1,2.4,0.6667,136,2,2,0,6,1,1,0,53,8
1,2.4,1,123,2,2,0,2,1,0.5,1,18,6
1,2.2,1,103.8,1,2,0,1,0,0.5,0,40,4
3,2,0.3333,81.48,2,2,1,2,1,0.5,0,25,4
1,2.4,0.3333,123.61,2,2,0,2,1,1,1,26,4
2,2.4,1,127.77,2,1,0,3,1,1,1,31,6
3,2.4,0.6667,116.22,3,2,1,2,1,1,0,32,6
4,2.2,1,95.34,1,2,0,2,1,0.5,0,29,5
3,2.2,0.6667,83,2,2,1,1,1,0.5,0,11,4
3,2.2,1,98,1,2,0.5,2,1,1,0,34,5
1,2.4,0.3333,142,3,2,0,4,1,0.5,0,31,8
2,1.7,1,85.05,2,2,0,2,1,1,0,34,4
2,2.2,0.3333,85.54,2,2,0,1,0,1,1,34,4
1,2.4,1,137,2,2,0,6,1,1,1,53,8
1,2.4,1,135,2,2,0,6,1,1,1,53,8
3,1.7,1,72.78,2,2,1,2,1,0.5,0,33,5
14,2.9,0.3333,174.17,2,2,0.5,2,1,1,1,17,2
1,3.1,0.6667,163.15,2,2,1,1,0.5,0.5,1,6,2
3,2.2,0.6667,97.29,2,2,1,2,1,0.5,1,32,4
2,2.2,0.6667,104.72,2,2,0,2,1,0.5,0,48,4
1,2.2,1,89.61,1,2,0,3,1,1,1,45,4
2,1.5,0.6667,67,3,2,0.5,1,1,0.5,1,11,4
1,2.4,0.6667,123.47,2,2,1,1,1,1,0,11,2
1,2,0.6667,93.5,1,2,0,2,1,0.5,0,34,4
1,2.2,1,88.02,1,2,1,2,1,1,0,18,4
3,2.2,0.6667,98,2,2,0,2,1,1,0,32,4
4,2,1,99.16,3,2,1,1,0.5,0.5,0,26,5
3,2.4,0.3333,107.6,2,2,1,2,1,1,0,34,4
14,2,0.6667,98.91,2,2,0.5,1,0,1,1,7,6
5,2.4,0.3333,111.62,2,2,1,1,1,0.5,0,11,2
3,2.4,0.6667,139.95,2,2,0,1,0,0.5,1,6,2
1,2.9,0.6667,176.13,2,2,0.5,1,0.5,0.5,1,6,2
5,1.7,0.3333,90.44,2,2,0.5,2,1,0.5,1,18,5
1,2.4,0.6667,109.73,2,2,0,2,1,0.5,1,18,3
2,1,1,60.09,2,2,1,1,0.5,0.5,1,6,2
2,2.4,1,128.24,2,2,1,2,1,0.5,1,33,4
1,1.7,1,91.03,1,2,0.5,2,1,0.5,1,18,4
3,1,0.6667,52.92,2,0.2,0.5,1,0.5,0.5,1,6,3
2,1.7,1,104.72,2,2,0.5,1,0.5,0.5,1,9,4
8,2.2,0.6667,107.71,2,2,0.5,1,0,0.5,0,13,10
3,2.4,0.3333,132.43,3,2,0,1,1,0.5,1,33,4
1,2,0.6667,92.93,2,2,0.5,1,0,0.5,1,11,4
4,1.7,0.6667,98.26,2,2,0.5,1,0.5,0.5,1,17,5
1,2.4,1,112.01,3,2,0.5,2,1,1,1,18,4
4,2.2,1,97.19,3,2,0.5,1,0.5,0.5,1,7,2
8,1.5,0.6667,69.52,1,2,1,2,1,1,0,27,6
7,1.7,0.6667,81.96,2,2,0.5,1,0.5,0.5,1,8,4
5,2.4,0.3333,115.86,2,2,1,1,0.5,0.5,1,6,2
6,2.2,0.6667,123.28,2,2,0,1,0,0.5,1,6,2
1,1.5,0.3333,61.07,3,2,0.5,1,0,0.5,1,6,3
1,2.4,0.6667,137.01,2,2,0,2,1,0.5,0,33,4
3,1,0.3333,48.97,2,0.2,0.5,3,1,0.5,1,32,12
4,2.2,1,98.26,2,2,0.5,1,0.5,0.5,1,7,3
4,1,0.6667,51.73,3,2,0.5,2,1,0.5,0,30,6
1,2.4,0.3333,172.33,2,2,1,2,1,0.5,0,46,2
9,2.9,0.6667,172.1,2,2,1,1,0,0.5,1,6,2
9,2,1,120.01,3,2,0,1,0,1,0,22,4
3,2.9,1,176.24,2,2,0,1,0,0.5,1,7,2
9,2,1,86.28,3,2,1,1,0,0.5,1,7,2
2,2.2,0.3333,97,3,2,1,2,1,0.5,1,33,2
1,2.2,0.6667,100.25,2,2,1,2,1,0.5,1,32,4
3,1.7,0.6667,79.87,2,2,0.5,1,0.5,0.5,0,6,2
1,1.7,1,88.06,3,2,1,2,1,1,1,12,4
2,1.7,0.6667,74.97,1,2,1,2,1,0.5,1,32,3
4,1.9,0.3333,99.41,2,2,0.5,1,0.5,0.5,0,7,2
4,2.4,1,121.35,1,2,0,1,1,1,1,11,2
4,1.7,0.6667,85.09,2,2,0.5,1,1,0.5,1,12,6
2,1.7,0.6667,90.8,3,2,1,1,0,1,0,17,4
4,1.7,1,93.91,2,2,0,1,0,0.5,0,27,5
3,0.8,1,40.17,2,0.5,0.5,6,1,0.5,1,18,6
4,1.7,1,75.14,1,2,1,1,0,0.5,1,11,4
1,1.7,0.3333,80.35,2,2,1,1,1,1,1,11,4
2,1.7,0.6667,80.17,1,2,1,2,1,0.5,1,30,8
3,1.7,0.6667,93.65,1,2,0.5,2,1,1,1,18,4
1,2.4,0.3333,115.4,2,2,0.5,1,0,1,1,17,4
1,2.4,0.6667,126,2,2,0.5,1,0.5,0.5,1,6,2
9,2.9,0.3333,141.8,2,2,0,1,0.5,0.5,1,6,2
7,2.4,0.3333,142.58,2,2,1,1,0.5,0.5,1,6,2
9,2.4,0.6667,139.41,2,2,1,1,0.5,0.5,1,8,2
1,1.7,0.3333,92.86,2,2,0,1,0,0.5,0,32,4
9,2.4,0.3333,102.8,1,2,1,2,1,0.5,1,32,4
2,1.5,1,81.22,3,2,0.5,2,1,1,1,19,6
1,2.4,0.6667,128.29,2,2,0.5,1,0.5,0.5,1,8,2
4,1,0.6667,42.68,3,2,1,2,1,0.5,1,18,4
1,2.4,0.3333,128.37,2,2,0,2,1,1,0,26,4
3,2.2,0.3333,89.5,2,2,0,2,1,1,0,18,4
6,2.9,0.3333,120.29,2,2,0,2,1,1,0,27,4
1,2.2,0.3333,118.08,2,2,0,2,1,0.5,1,30,4
1,1.7,1,86.73,2,2,0.5,2,1,0.5,0,34,4
4,2,1,124.66,2,2,1,1,0,1,1,25,6
5,1.7,0.3333,93,2,2,0,2,1,0,0,18,5
9,3.1,1,142.68,1,2,1,1,0.5,1,1,6,2
1,1.7,0.6667,85.93,3,2,1,2,1,0.5,1,33,6
7,0.8,0.6667,32.3,3,1,0.5,3,1,1,1,33,3
7,0.8,0.6667,32.17,3,1,0.5,3,1,1,1,33,3
2,1.7,0.6667,105.53,2,2,1,3,1,1,1,28,7
1,1,0.3333,63.5,2,2,0.5,3,1,1,1,13,6
4,2.2,1,129.76,3,2,0,2,1,1,0,27,8
3,0.8,0.3333,41,3,2,1,5,1,0.5,0,39,4
1,0.8,1,36.08,3,2,0,6,1,0.5,1,29,5
1,2.9,1,144.37,2,2,1,1,1,0.5,1,11,2
3,2.2,1,106.55,2,2,0.5,2,1,1,0,18,3
1,3.6,0.6667,209.8,2,2,0.5,1,0,0.5,1,33,3
1,1.7,0.3333,99.65,2,2,0,2,1,1,0,32,4
3,2.4,0.3333,119.8,2,2,0.5,1,1,1,0,11,2
2,2.4,0.6667,120.7,2,2,0.5,1,0.5,0.5,1,6,2
9,2.9,0.3333,181.23,3,2,0,2,1,0.5,1,24,2
2,3.1,1,192.1,2,2,1,2,1,0.5,0,8,2
2,1.5,0.3333,66.65,2,2,1,1,0.5,1,1,8,3
3,2.4,0.3333,141.54,3,2,0,2,1,0.5,1,24,4
3,2.9,1,137,2,2,0.5,2,1,0.5,1,17,5
4,2.2,0.3333,90.42,2,2,0,2,1,0.5,0,33,3
14,2.4,0.3333,127.73,3,2,0.5,2,1,0.5,1,25,3
1,3.8,1,232.28,2,2,0.5,1,1,0.5,1,12,2
1,2.9,1,95.69,2,2,0.5,1,1,0.5,1,12,2
2,2,0.6667,88.29,3,2,0.5,1,0.5,1,1,8,2
1,2.4,1,121.26,2,2,0.5,1,0.5,0.5,0,6,2
2,1.7,1,92.76,2,2,1,1,1,1,1,11,2
9,2.4,0.6667,126.53,2,2,0,1,0.5,0.5,0,6,2
4,1.7,0.3333,89.83,2,2,0,2,1,0.5,0,32,3
1,2.9,0.3333,158.2,2,2,0,2,1,1,0,28,4
1,1.7,1,93.6,2,2,0.5,1,0.5,0.5,1,6,2
4,2.2,0.6667,83.27,2,2,0.5,1,0,1,1,8,2
2,2.9,0.3333,169.82,3,2,0,2,1,0.5,1,28,3
4,2.2,0.6667,117.72,3,2,0.5,2,1,0.5,1,27,8
4,2.4,1,151.94,2,2,0,2,1,1,1,32,3
1,2.4,1,140.8,3,2,0.5,1,1,0.5,1,12,4
1,2.9,0.3333,158.04,1,2,1,2,1,0.5,1,24,2
14,2.4,0.6667,102.75,2,2,0,1,1,0.5,1,11,2
4,2.6,0.3333,237.1,2,2,1,3,1,0.5,1,42,2
14,1.5,0.6667,86.83,3,2,1,1,0.5,0.5,1,8,2
10,2.9,0.3333,147.81,2,2,0,2,1,1,1,18,4
14,2.7,1,125.67,2,2,0.5,2,1,0.5,1,33,4
1,2.4,0.3333,123.32,2,2,0.5,3,1,0.5,1,17,4
3,2.4,1,107.45,2,2,0.5,2,1,0.5,0,32,4
1,2.9,0.3333,146.17,3,2,0.5,2,1,1,1,25,4
3,2.2,0.6667,105.38,3,2,0,1,1,0.5,1,11,2
8,1.7,0.6667,79.73,2,2,0.5,2,1,0.5,1,18,7
3,2.4,1,142.52,3,2,0,2,1,0.5,1,18,3
1,2.4,0.3333,110.53,3,2,0,3,1,0.5,1,22,6
14,2.9,0.3333,158.29,3,2,0.5,2,1,0.5,1,26,4
6,1.7,1,95.5,2,2,0.5,2,1,0.5,0,18,4
2,1.9,1,114.25,3,2,1,3,1,0.5,1,31,8
1,2.2,0.6667,113,2,2,0.5,1,0.5,0.5,1,7,2
1,2.4,0.6667,130.03,2,2,1,1,1,0.5,0,11,2
14,1.5,0.6667,94.46,3,2,0.5,1,0.5,0.5,1,8,2
3,1.7,1,80.73,3,2,1,2,1,1,0,23,6
7,2.9,1,196.73,2,2,0,1,1,1,1,6,2
9,2.4,1,116.92,2,2,0.5,1,0.5,0.5,1,5,2
3,2.9,0.3333,130.36,2,2,0.5,1,1,0.5,1,11,2
1,2.2,0.6667,91.99,2,2,0.5,1,0,0.5,1,6,2
4,2.4,1,126.53,2,2,0.5,2,1,0.5,1,33,3
9,2.2,0.3333,88.92,2,2,0,2,1,0.5,1,18,3
9,3.4,0.3333,197.83,1,2,0,1,0,0.5,1,12,4
2,2.2,1,96.32,3,2,0,2,1,0.5,1,33,2
8,1.7,1,92.93,1,2,0.5,1,0,0.5,1,16,4
7,2.2,0.3333,98.29,3,2,0,2,1,0.5,0,45,4
2,2.4,0.3333,154.2,2,2,0,1,1,0.5,1,11,2
2,2.2,0.3333,96.73,1,2,0,2,1,0.5,1,33,2
3,2.9,1,123.18,2,2,0.5,2,1,0.5,0,30,4
2,1.7,0.6667,96.15,2,2,0,2,1,0.5,1,18,3
6,2.4,0.6667,106.49,2,2,0.5,2,1,0.5,0,18,4
3,2.4,1,113.41,2,2,1,2,1,0.5,0,32,4
4,1.7,1,86.7,2,2,0.5,1,0.5,0.5,1,7,2
2,2.4,0.6667,134.47,2,2,0.5,1,0.5,0.5,1,6,2
3,2.4,0.3333,127.28,2,2,1,1,1,1,1,12,2
3,2.2,0.6667,98.01,3,2,1,1,1,0.5,0,11,3
4,1.7,1,90.91,2,2,0,3,1,0.5,1,44,4
1,2.4,1,126.49,3,2,0,2,1,0.5,1,18,3
4,2.9,0.6667,175.79,3,2,0,2,1,1,1,15,4
8,1.5,1,91.67,2,2,0.5,2,1,1,1,15,7
2,2.2,0.6667,96.74,1,2,0.5,2,1,0.5,1,33,2
7,1.7,0.3333,87.68,2,2,0.5,1,1,0.5,0,11,2
9,2.4,0.3333,68,2,2,1,1,0.5,1,1,9,6
2,2.2,0.3333,112.66,3,2,0.5,1,1,0.5,1,11,2
8,1,0.3333,69.99,3,0.2,0.5,2,1,0.5,1,30,5
1,2.4,1,136.3,1,2,0,2,1,0.5,1,18,6
3,2.2,1,118.13,2,2,1,1,0.5,0.5,1,6,2
1,2.2,0.3333,87.85,2,2,0,1,0,1,0,34,4
14,1.5,1,94.46,3,2,0.5,1,0.5,0.5,1,8,2
1,2.4,0.3333,135.14,1,2,1,2,1,0.5,1,32,3
2,2.4,0.3333,128.61,2,2,0,1,1,0.5,1,12,2
14,2.4,1,120.7,3,2,1,2,1,0.5,0,21,8
1,2.2,1,92.58,2,2,1,1,0,0.5,0,17,4
7,2.4,0.6667,123.72,3,2,1,2,1,0.5,1,32,4
14,2.2,0.6667,105.54,2,2,1,2,1,1,1,11,4
7,2.4,0.6667,130.58,1,2,0,2,1,0.5,1,45,4
2,2.2,0.6667,118.87,1,2,0,3,1,1,0,48,6
8,1.7,1,101.47,2,2,0.5,1,1,0.5,1,11,2
7,2.4,0.3333,134.34,3,2,1,2,1,0.5,1,26,3
3,2.2,1,133.64,2,2,0.5,2,1,0.5,1,18,2
3,2.4,1,143.93,2,2,0,1,1,1,1,11,2
2,1,0.3333,43.62,2,2,1,2,1,1,1,32,6
2,2.2,0.3333,96.13,2,2,0.5,2,1,0.5,0,32,4
4,1.7,0.6667,89.48,1,2,0,3,1,0.5,1,43,4
7,2.4,0.3333,132.36,2,2,0.5,1,0.5,0.5,0,8,2
1,2.2,1,112.68,2,2,1,1,0.5,1,1,6,2
6,1.5,0.3333,84.22,2,2,1,1,1,1,1,33,4
3,1.7,1,97,2,2,1,1,0.5,0.5,0,6,2
14,2.4,0.6667,137.78,2,2,0,2,1,0.5,1,18,2
3,2,0.6667,81.55,2,2,0.5,2,1,0.5,0,28,4
3,2.4,0.3333,92.9,2,2,1,2,1,0.5,0,34,4
2,1.7,0.3333,73.48,3,2,0.5,2,1,0.5,0,18,8
3,2,1,68.34,3,2,1,2,1,1,1,18,4
1,2.2,0.3333,95.94,3,2,1,2,1,1,1,34,4
3,1.7,1,88.61,2,2,1,2,1,1,0,34,4
3,1.5,1,85.35,2,2,1,2,1,0.5,0,34,4
1,1.7,0.6667,100.33,2,2,0,1,0,0.5,0,40,8
3,2.4,0.6667,116.15,2,2,1,1,1,1,1,11,4
1,2.2,0.6667,92.69,1,2,0.5,2,1,1,1,33,4
3,2.9,1,114,2,2,0,1,0,1,1,18,4
7,2,0.6667,94,2,2,1,2,1,1,0,34,4
7,2.4,0.3333,108,2,2,0,2,1,1,0,18,5
9,2.4,1,150.53,1,2,1,2,1,1,1,19,4
9,1.7,0.6667,81.5,2,2,1,1,1,1,1,11,4
7,1.7,0.3333,89.96,2,2,0,2,1,0.5,0,46,7
2,2.4,0.6667,127,1,2,0,2,1,1,1,32,3
14,4.1,0.6667,207.75,3,2,1,3,1,0.5,1,41,6
1,2.4,0.3333,119.43,3,2,0.5,2,1,0.5,1,30,5
4,2.4,0.3333,145.21,2,2,1,1,1,1,0,10,4
1,1.9,0.3333,89.62,3,2,1,1,1,0.5,1,11,2
1,2.4,0.6667,131.92,2,2,1,1,0.5,0.5,1,7,2
7,2.2,0.6667,94.33,2,2,0.5,1,0.5,1,0,7,4
1,2.4,1,118.19,2,2,1,2,1,0.5,0,29,4
1,2.4,1,101.81,3,2,0.5,2,1,0.5,1,16,3
1,2.4,0.3333,140.45,2,2,0.5,1,0.5,0.5,1,7,4
2,2.4,0.6667,115.07,2,2,0.5,2,1,0.5,1,31,4
8,1,0.6667,54.95,3,2,1,4,1,0.5,1,18,9
1,2.4,0.6667,124.2,3,2,0,2,1,0.5,0,46,4
1,1.7,0.6667,71.51,2,1,1,3,1,1,0,24,4
2,2.4,0.3333,129.42,2,2,0.5,1,0,0.5,1,9,5
4,1.7,0.6667,75.18,3,2,1,3,1,0.5,1,31,7
7,2.7,0.6667,133.27,3,2,1,2,1,1,0,31,4
1,2.2,0.3333,90.15,2,2,0.5,2,1,0.5,1,17,6
1,2.4,1,126.49,3,2,1,2,1,1,0,18,3
4,2,0.6667,92.05,2,2,1,1,0,0.5,1,6,2
2,2.2,1,136.5,2,2,0.5,3,1,0.5,1,31,6
3,1.9,0.3333,102.16,2,2,1,1,1,0.5,1,11,2
4,1.7,0.3333,90.38,3,2,0.5,2,1,0.5,1,11,4
3,2.4,0.3333,125.24,2,2,1,1,0.5,0.5,0,6,2
9,4.3,1,226.3,2,2,0.5,1,0.5,0.5,1,7,2
1,2.4,0.6667,129.95,2,2,1,2,1,0.5,1,33,4
2,2.4,0.3333,124.74,2,2,1,1,0.5,0.5,1,7,2
3,2.2,1,100.82,2,2,1,1,1,0.5,0,11,2
7,2.2,0.3333,99.68,2,2,0.5,1,0,0.5,1,6,2
4,2.2,0.6667,109.16,3,2,1,1,0.5,0.5,1,7,2
4,2.4,0.3333,176.88,3,2,1,2,1,0.5,1,22,4
3,2.4,0.6667,132.12,3,2,1,2,1,0.5,1,25,3
6,3.1,0.3333,244.82,2,2,1,1,0,0.5,1,3,2
1,2.7,1,125.54,2,2,1,1,0.5,0.5,0,6,2
7,2.4,0.6667,146.98,3,2,1,1,1,0.5,1,11,3
2,1.9,0.6667,90.39,2,2,1,1,0,0.5,1,11,3
1,2.9,1,163.42,3,2,1,2,1,0.5,1,18,3
1,2.2,1,140,2,2,1,2,1,0.5,0,23,3
3,1.5,1,68.59,3,2,0.5,3,1,0.5,0,33,8
1,2.2,1,95.14,2,2,0.5,2,1,1,0,33,4
14,2.2,0.6667,108.63,2,2,0.5,2,1,1,0,25,6
1,2.2,1,84.08,1,2,1,2,1,1,0,25,5
1,2.4,1,133.19,2,2,1,1,1,0.5,1,12,2
14,2,1,85,2,2,1,1,0.5,1,1,9,2
1,2.2,0.6667,86.1,2,2,0.5,2,1,0.5,1,24,4
9,2.4,1,109.38,2,2,0.5,1,0.5,1,1,6,2
6,2.4,0.3333,107.38,2,2,0,1,1,1,0,11,2
3,2.7,0.3333,126.94,3,1,0.5,1,1,1,1,25,4
6,2.2,1,95.14,2,2,1,2,1,0.5,1,17,4
3,2.2,1,84.64,2,1,1,3,1,0.5,0,34,9
1,2.2,0.6667,89.37,1,2,0,2,1,1,1,18,4
7,3.1,0.6667,248.47,2,2,0,2,1,0.5,0,25,2
8,2.9,0.6667,160.68,3,2,1,1,1,1,1,12,2
6,2.4,1,122.9,2,2,0,2,1,0.5,0,18,3
1,1.7,0.6667,81.92,3,2,1,2,1,0.5,1,30,4
3,2.2,1,90.55,2,2,1,1,0.5,0.5,0,6,2
7,1.7,1,83.15,1,2,1,5,1,1,1,30,10
1,3.4,0.6667,187.81,2,2,1,1,1,1,1,11,1
4,2.2,1,96.1,2,2,0.5,3,1,0.5,1,33,6
1,2.4,0.6667,92.89,2,2,1,2,1,1,1,29,4
14,1.7,0.6667,79.11,2,2,0.5,4,1,0.5,0,45,9
3,2.2,1,106.13,2,2,1,2,1,0.5,0,34,4
3,2.2,1,105.06,2,2,0.5,2,1,1,0,33,5
3,2.4,0.3333,126.58,2,2,0.5,1,0.5,0.5,1,7,2
3,2.4,0.3333,90.11,2,2,1,2,1,0.5,0,18,4
9,2.9,0.3333,181.72,1,2,0,2,1,1,0,11,3
3,2.4,1,132.12,3,2,1,2,1,0.5,1,25,3
9,2.4,1,133.18,2,2,1,1,0.5,0.5,0,6,2
3,2.2,0.6667,100.34,2,2,1,2,1,0.5,0,25,6
4,2,0.6667,90.87,3,2,1,1,0.5,1,0,8,2
3,2.9,1,137.38,2,2,1,2,1,0.5,1,18,3
9,2.4,0.3333,103.34,2,2,0.5,1,0.5,1,1,6,2
1,2.4,0.3333,138.47,1,2,1,2,1,0.5,1,27,3
7,2.4,0.6667,125.95,2,2,1,1,0.5,0.5,0,7,2
3,2.9,1,157.21,2,2,1,2,1,0.5,0,26,3
1,3.1,0.6667,156.89,2,2,0.5,1,0.5,0.5,1,5,2
1,2.2,0.6667,126.27,2,2,1,1,1,0.5,1,12,2
9,2.9,0.6667,143.13,2,2,1,1,0.5,0.5,0,6,2
1,2.4,0.3333,112.22,3,2,1,2,1,0.5,1,18,4
14,2.2,0.6667,115.17,2,2,0,1,0.5,0.5,0,8,2
9,1.7,0.6667,112.28,0,2,0.5,1,0,0.5,1,7,2
6,2.4,1,127.1,3,2,1,1,0,0.5,1,27,4
14,2.2,1,127.53,1,2,1,2,1,1,0,32,4
1,2.2,0.6667,90.41,1,2,0.5,2,1,0.5,0,18,4
1,2.2,0.3333,88.58,1,2,1,2,1,1,0,33,4
4,0.8,1,166.82,3,2,0.5,1,0,0.5,1,30,8
1,2,1,75.59,3,2,0.5,1,0,1,1,7,2
3,1.7,1,102.02,3,2,0.5,1,1,0.5,1,12,4
3,2.4,0.3333,137.58,2,2,0,1,0,0.5,0,6,2
1,2.2,0.3333,88.97,3,2,1,2,1,1,1,18,4
1,2,0.3333,87.26,3,2,1,2,1,1,1,11,2
4,2.2,1,101.5,2,2,0.5,1,0.5,0.5,1,7,2
3,1.5,0.6667,58.67,2,2,1,2,1,0.5,1,23,9
3,1.7,1,88.64,2,2,1,2,1,1,0,33,6
3,2.4,1,127.77,2,2,1,2,1,0.5,0,18,4
14,2.2,0.6667,100.4,1,2,1,4,1,0.5,1,7,4
1,2.4,0.6667,138.34,3,2,1,1,1,0.5,0,18,2
4,2.4,1,138,1,2,1,2,1,1,1,33,3
5,2.2,1,89.9,2,2,0.5,1,1,1,1,11,2
1,2.4,1,118.96,2,2,0.5,2,1,0.5,1,26,4
1,3.4,1,151.58,2,2,1,1,0.5,1,1,6,2
12,1.7,0.6667,100.3,2,2,1,1,0.5,0.5,1,8,2
9,2.2,1,110.51,2,2,0.5,1,0.5,1,1,7,2
1,2.2,0.3333,90.09,2,2,0,2,1,0.5,1,34,4
7,2,0.6667,93.61,3,2,0.5,1,0.5,0.5,1,7,2
3,1.7,0.3333,91.81,2,2,1,1,0.5,1,0,6,2
2,1.7,0.6667,86.88,2,2,1,1,0.5,0.5,0,6,2
3,2.4,0.6667,106.2,2,2,0.5,1,0.5,0.5,0,6,2
4,1.5,0.3333,93,3,2,0.5,2,1,1,1,27,8
2,1.5,0.6667,74.77,3,2,0.5,1,0.5,0.5,1,8,2
2,2.4,0.6667,83.24,2,2,1,1,0,0.5,0,11,4
4,2.4,1,130.3,3,2,0.5,1,0.5,0.5,1,7,2
3,1.7,0.6667,96.41,2,2,1,1,1,0.5,1,7,3
4,1.5,0.6667,75.49,0,2,1,1,0,0.5,1,6,2
2,1.5,0.3333,70.2,0,2,0,1,0,0.5,1,3,1
2,1.5,0.3333,55.41,2,0.5,0.5,1,0,0.5,1,9,5
4,1.5,0.3333,61.42,2,2,0.5,1,0.5,0.5,1,6,2
1,1.2,0.3333,60.38,2,2,1,3,1,0.5,0,25,12
3,1.5,1,60.93,2,2,0.5,3,1,0.5,1,27,7
2,3.1,0.6667,235.72,2,2,1,1,1,1,0,32,2
14,1.7,0.3333,93,2,2,0.5,1,0,0.5,1,6,2
2,2.4,0.3333,121.83,2,2,1,1,1,1,0,11,2
1,1.7,1,91.25,3,2,0.5,1,1,0.5,1,11,2
2,1,0.3333,46.84,3,2,0.5,2,1,0.5,0,18,8
2,2.9,1,161.4,3,2,0.5,1,1,0.5,1,10,3
4,1.7,0.6667,89.2,1,2,0.5,1,1,0.5,0,11,3
1,2.2,0.6667,90.67,2,2,0,1,0,1,1,34,4
9,2.9,0.3333,195.04,3,2,0,1,0.5,0.5,1,22,2
4,2.2,0.6667,103.95,1,2,0.5,2,1,1,1,34,5
1,1.5,1,84.19,2,2,1,2,1,0.5,1,28,4
1,1.7,1,94.41,3,2,1,1,1,0.5,1,10,3
4,1.5,0.6667,92.71,3,2,1,2,1,0.5,1,18,5
2,1.7,1,86.56,3,0.2,1,1,1,0.5,1,18,4
2,2,0.6667,115,3,2,0.5,2,1,0.5,1,12,12
3,2.4,0.6667,144.28,3,2,0.5,2,1,0.5,1,21,4
3,2.4,1,114.81,3,2,0,2,1,0.5,0,32,5
14,2.4,0.3333,124.87,3,2,0.5,1,0,0.5,1,11,4
3,2.4,1,135,2,2,0.5,1,0.5,0.5,1,6,2
14,2.2,0.3333,104.16,2,2,0,2,1,1,1,11,4
4,2.4,0.6667,132.15,3,2,0,2,1,0.5,1,18,4
4,2.9,0.3333,213.58,2,2,0,2,1,0.5,0,36,2
2,2.2,0.6667,156.91,3,2,0.5,1,0,1,1,20,8
8,1.5,0.6667,62.13,3,2,0,1,0.5,1,1,8,4
14,2.2,0.3333,134,2,2,1,3,1,0.5,1,30,7
3,3.6,0.6667,176.4,2,2,0,1,0.5,0.5,1,5,2
4,2.4,0.6667,124.8,3,2,1,1,0.5,0.5,1,7,2
4,2.4,0.6667,124.8,3,2,1,1,0.5,0.5,1,7,2
7,3.8,1,122.35,2,2,1,1,0.5,0.5,1,6,4
2,2.4,0.6667,123.44,2,2,0.5,1,0.5,0.5,1,7,4
9,2.4,0.6667,135.64,2,2,0,1,0.5,0.5,1,6,2
4,2.4,0.3333,118.44,1,2,0,2,1,0.5,0,31,4
1,2.9,0.3333,130.82,2,2,1,2,1,0.5,1,33,4
3,2.4,1,129.61,2,2,1,1,0.5,0.5,1,7,2
8,2.4,0.6667,117,3,2,0.5,2,1,0.5,1,18,6
9,2.4,1,119.14,2,2,0,2,1,0.5,1,33,4
3,2.4,0.3333,120.44,2,2,0,2,1,0.5,0,32,4
7,2.4,0.6667,134.5,2,2,1,1,0.5,1,1,6,2
7,2.4,1,147.77,2,2,1,1,0.5,1,1,6,2
7,1.5,0.3333,77.94,2,2,0.5,2,1,0.5,1,34,4
2,2.4,0.6667,129.57,2,2,1,1,0.5,0.5,1,7,2
2,2.2,1,113.88,2,2,0,2,1,0.5,1,24,4
1,1.7,1,107.9,2,2,0.5,1,0.5,0.5,1,7,2
2,2,1,94.78,2,2,0.5,1,0.5,0.5,1,6,2
14,2.4,0.3333,136.91,2,2,0,2,1,0.5,1,18,2
1,2.9,0.6667,123.42,3,2,0.5,2,1,0.5,1,16,3
1,2.9,1,152.04,2,2,0.5,1,1,0.5,0,10,2
3,1.7,0.3333,99.36,2,2,0.5,2,1,0.5,1,32,4
2,2,0.3333,98.21,3,2,0.5,2,1,0.5,0,18,6
1,2.2,0.3333,95.35,2,2,0.5,2,1,0.5,1,34,4
14,1.2,0.6667,71.81,2,2,1,3,1,1,0,29,4
1,2.4,0.3333,110.82,2,2,0.5,3,1,1,0,13,6
2,1.7,0.6667,75.5,2,2,1,2,1,0.5,0,32,6
8,2,1,117.9,3,2,1,2,1,0.5,1,18,6
9,1,1,45,2,2,1,2,1,1,0,26,5
8,1,0.6667,63.53,3,2,1,3,1,0.5,0,32,4
1,2.4,0.6667,138.74,3,2,1,1,1,0.5,1,11,2
3,1.7,1,79.15,3,2,0,2,1,0.5,0,11,4
8,1,1,47,3,2,1,3,1,0.5,1,32,4
7,2,0.3333,91.29,2,2,0,3,1,0.5,0,33,5
4,2.4,1,192.28,2,2,1,2,1,0.5,0,18,4
2,2.9,1,124.81,2,2,0.5,1,0.5,0.5,1,6,2
3,1,0.6667,53.16,3,2,1,2,1,1,1,25,8
1,2.2,0.6667,102.42,3,2,0,2,1,0.5,1,30,4
3,2.4,0.6667,133.79,3,2,1,1,1,0.5,0,14,2
1,2.2,1,105.6,3,2,1,2,1,0.5,1,11,4
14,2.2,0.6667,99.36,2,2,1,3,1,1,1,46,4
1,2.9,0.6667,99.39,2,2,0.5,1,0.5,0.5,0,6,2
3,2.2,0.3333,96.87,3,2,0.5,1,0.5,0.5,1,7,3
3,2.2,0.3333,126.39,2,2,1,2,1,1,0,33,4
3,2.9,0.3333,117.68,3,2,1,2,1,0.5,0,23,4
14,2.9,1,91.4,2,2,1,1,0.5,0.5,1,7,2
1,2.4,0.6667,109.82,2,2,0,2,1,1,1,34,4
1,2.2,1,86.58,3,2,1,1,0.5,0.5,0,5,2
1,2.9,1,152.56,2,2,0.5,2,1,0.5,1,24,4
4,1,0.6667,62.12,2,2,1,2,1,1,0,34,6
3,1.7,1,88.02,2,2,1,2,1,1,1,32,4
3,2.2,0.6667,92.08,2,2,1,1,1,0.5,0,8,2
2,1,0.6667,54.2,3,1,0.5,3,1,0.5,1,30,1
14,2,1,109.81,2,2,1,6,1,0.5,0,50,8
1,3.4,0.6667,184.63,2,2,0.5,1,1,0.5,1,11,1
2,2.9,1,155.43,2,2,1,1,1,0.5,1,11,2
2,2.4,0.3333,132.45,2,2,1,1,1,1,0,10,2
4,2.9,0.6667,170.74,2,2,1,1,1,0.5,0,11,4
8,3.4,0.6667,153.3,2,2,0,3,1,0,0,45,4
5,2.2,0.3333,97,2,2,0,1,0.5,0,0,7,2
5,2.2,0.3333,105,2,2,0,1,0.5,1,1,6,2
3,3.6,0.6667,221.31,2,2,0,1,1,1,1,17,2
5,2.9,1,131.59,2,2,0,2,1,1,0,24,4
5,2.4,0.6667,128.87,2,2,0,2,1,0.5,1,31,3
7,2.9,0.6667,141.76,2,2,0,2,1,1,0,48,4
5,1.7,1,87,2,2,0.5,1,0,1,0,18,5
2,1.7,1,88.52,2,2,0,1,0,0.5,0,33,5
7,2.4,0.3333,110,2,2,0,1,0,0,0,21,4
14,3.2,1,148.6,2,2,0.5,1,1,0.5,1,12,2
3,2.2,0.6667,97.42,2,2,1,2,1,0.5,1,33,4
14,1.7,0.3333,99.98,3,2,1,2,1,0.5,1,25,4
1,2.4,0.6667,107.72,1,2,0,2,1,1,1,26,4
14,2.2,0.6667,125.87,3,2,0,4,1,0.5,0,57,5
4,2.9,0.3333,162.09,2,2,0.5,2,1,1,1,42,4
4,2.4,0.3333,134,1,2,0,2,1,1,1,32,2
14,1.7,1,111.41,3,2,1,2,1,1,1,26,4
1,1.7,0.6667,83.7,2,2,1,2,1,1,0,25,10
12,1.7,0.6667,104,2,2,1,1,0.5,0.5,0,7,2
5,1.7,0.3333,94,2,2,1,1,1,0.5,1,11,2
4,1,1,46.78,2,2,1,1,0.5,0.5,1,4,4
12,2.2,1,108.81,2,2,1,1,1,0.5,1,6,4
3,2.9,1,87.9,2,2,0.5,1,0.5,1,0,6,2
8,2.4,0.3333,144,1,2,1,2,1,0.5,1,13,4
14,0.8,0.3333,46.74,2,1,0.5,4,1,0.5,1,33,6
8,1,0.6667,41.99,3,2,1,2,1,0.5,1,29,4
4,2,1,79.45,2,2,1,1,0,0.5,1,8,4
4,2.2,1,88.48,1,2,1,1,1,1,1,11,3
13,2.2,1,92.39,2,2,1,1,0,1,1,18,4
6,1,0.6667,40.6,1,2,0.5,3,1,1,1,29,7
14,2.4,1,160.42,2,2,1,2,1,1,0,17,4
1,2.9,1,190.12,2,2,0,1,1,0.5,0,11,1
1,2,1,132.26,3,2,0.5,1,0.5,0.5,1,8,2
1,2.4,0.3333,119.15,3,2,1,2,1,0.5,0,32,4
1,2.4,0.3333,109.79,2,2,1,1,0.5,1,1,8,4
14,1.7,0.6667,121.74,2,2,1,1,1,0.5,1,12,2
7,2.4,0.3333,136.62,2,2,0.5,1,1,0.5,1,11,2
6,2.4,0.6667,121.65,2,2,1,2,1,0.5,1,18,3
3,2.4,1,117.25,2,2,1,1,0.5,0.5,1,6,2
14,2.9,0.6667,152.19,3,2,1,2,1,0.5,1,28,4
4,2.4,0.3333,132.49,2,2,0.5,1,1,0.5,0,11,4
2,2.4,0.6667,129.89,2,2,1,1,1,0.5,0,11,2
7,2.2,0.3333,89.06,2,2,1,1,0,0.5,1,33,4
3,2.4,1,125.31,3,2,0.5,2,1,0.5,1,30,4
3,2.4,0.3333,121.78,3,2,1,2,1,0.5,1,33,6
4,2,0.3333,103.24,1,2,0.5,1,0.5,1,1,6,2
1,1.5,0.6667,93.67,2,2,0.5,1,0,0.5,1,7,2
3,2.4,0.6667,121.97,2,2,1,2,1,0.5,0,33,4
2,1.7,0.6667,86.87,3,1,1,3,1,0.5,1,31,6
1,1.7,0.6667,97.21,2,2,1,1,1,0.5,0,13,4
14,2.4,0.6667,111.41,3,2,1,1,0.5,0.5,1,7,2
1,2.7,1,92.85,3,2,0.5,3,1,0.5,1,18,6
2,2.2,0.6667,101.94,3,2,0.5,1,0.5,0.5,1,7,2
1,2.4,1,112.27,2,2,1,2,1,0.5,1,18,4
1,2.2,0.6667,92.6,1,2,1,2,1,1,0,31,4
3,1.7,1,64.35,2,2,0.5,1,0.5,0.5,0,7,2
1,2.9,0.6667,176.03,1,2,1,1,1,0.5,1,12,2
1,2,0.6667,75.83,3,2,0.5,1,0,1,1,7,2
3,2.4,1,132.92,1,2,1,2,1,1,1,24,3
1,1.7,0.6667,74.32,2,2,1,2,1,0.5,0,34,6
3,1.7,1,93.05,3,2,1,2,1,0.5,0,33,4
7,0.8,1,46.61,3,2,1,2,1,0.5,0,18,12
14,1.7,0.6667,83.7,2,2,1,3,1,0.5,1,30,6
1,1.5,0.6667,86.72,2,2,1,1,0,1,1,34,4
3,1.7,1,81.98,2,1,1,1,0.5,1,1,6,2
11,0.8,0.6667,35.16,2,0.5,0.5,3,1,0.5,0,29,6
4,2.2,0.3333,112.43,3,2,1,2,1,1,0,33,5
14,1.7,1,81.03,2,2,0.5,2,1,1,1,11,4
4,1,1,60.68,2,2,1,2,1,1,0,34,6
3,0.8,1,42.44,2,0.2,1,3,1,0.5,0,21,6
3,1.7,0.6667,82.22,2,2,0.5,1,1,0.5,1,11,4
4,2.4,0.6667,128.93,1,2,1,1,0.5,1,0,6,2
3,2.9,1,135,2,2,1,2,1,0.5,1,18,4
4,2.4,0.3333,121.35,1,2,1,1,1,0.5,0,11,2
2,1.7,1,96.01,3,2,0.5,1,0,0.5,1,18,4
1,2.9,1,177,2,2,1,1,0.5,1,0,7,2
1,2.4,0.3333,103.81,3,2,0,1,0.5,0.5,1,7,2
2,1.7,0.6667,72.15,2,2,0.5,1,0.5,0.5,1,5,3
7,1.7,0.3333,96.86,2,2,0.5,2,1,0.5,1,11,4
1,1.7,0.6667,86.58,3,2,0.5,2,1,1,1,20,4
9,2.4,1,145.92,1,2,0,2,1,0.5,1,19,3
1,2.2,1,89.6,3,2,0,1,0,0.5,1,11,2
3,1.5,1,90.65,3,2,0.5,1,0.5,0.5,1,7,2
1,1.5,0.3333,86.61,3,2,0,2,1,1,0,18,6
7,1.5,0.3333,72.56,2,2,0.5,1,0.5,1,1,6,4
4,1.7,0.6667,93.73,3,0.5,1,2,1,0.5,0,28,4
1,2.2,0.6667,91.56,2,2,1,1,1,0.5,1,11,2
2,1,0.6667,47.57,3,2,1,2,1,0.5,1,25,8
2,2.2,0.3333,95.26,2,2,1,1,1,0.5,0,10,2
9,1.7,1,91.53,2,2,0.5,1,0,1,1,18,3
4,1.7,1,85.78,2,0.2,1,2,1,0.5,1,17,5
1,1.7,0.6667,88,2,2,1,2,1,0.5,1,33,4
2,1.7,0.6667,72.48,3,2,1,1,0.5,0.5,0,8,2
14,1.5,0.6667,72.3,3,1,0.5,3,1,0.5,1,25,12
6,1.7,0.6667,96.49,2,2,0.5,1,0.5,1,1,6,2
2,1.7,0.3333,86.58,3,2,0.5,2,1,0.5,1,17,8
3,2.2,1,98.1,3,2,0.5,1,1,0.5,1,11,3
3,1.5,0.6667,87.7,2,2,0,1,1,1,1,11,6
2,1.7,1,86.88,2,2,0.5,1,0.5,0.5,1,6,2
10,1.7,1,84.75,2,2,1,2,1,1,0,32,6
1,3.1,0.3333,158.96,2,2,1,1,1,1,1,6,2
5,1.7,0.6667,89.9,3,2,1,1,1,0.5,1,11,2
14,1,1,58.11,2,2,1,3,1,1,1,31,8
1,1.5,0.3333,95.12,3,2,1,2,1,1,0,18,4
1,1.7,0.3333,108.01,3,2,0.5,1,0.5,1,1,7,2
6,1.7,0.3333,89.94,2,2,1,2,1,1,1,29,4
4,1.5,0.6667,83.83,3,2,1,1,0.5,1,1,8,2
1,1.7,0.3333,89.43,3,2,1,1,0,1,1,32,6
11,1,1,53.91,2,2,0.5,1,0.5,0.5,1,6,2
1,1.5,1,101.34,3,2,1,2,1,1,0,28,4
11,1.5,0.3333,61.78,2,2,0.5,2,1,0.5,1,27,6
1,1.7,0.6667,92.31,3,2,0.5,1,0.5,0.5,1,7,3
2,1.2,0.6667,59.62,0,2,1,1,0,0.5,1,8,2
1,1.7,0.6667,99.45,3,2,1,1,1,1,1,12,3
7,1.7,0.6667,89.69,2,2,0.5,2,1,0.5,0,30,4
4,1.5,1,69.1,2,2,1,1,0.5,0.5,1,6,3
4,1.7,1,81.8,1,2,0.5,1,0.5,0.5,1,6,2
1,1.7,0.6667,77.2,3,2,0.5,1,0,1,1,9,2
3,1,1,45.67,2,2,1,3,1,1,1,24,5
5,2.2,0.6667,82.56,2,2,1,1,0.5,1,0,6,2
1,2,1,74.91,3,2,1,1,0,1,1,12,2
8,1.5,1,81.3,3,2,0.5,1,0.5,1,1,7,2
6,1.7,0.6667,95.31,2,2,1,1,0,0.5,1,6,2
4,1.7,0.3333,72.88,2,2,0.5,1,1,0.5,1,5,2
2,1.7,1,80.98,3,2,1,1,1,1,1,18,8
14,1.7,1,78.78,3,2,0,2,1,0.5,0,39,5
3,1,0.3333,41.31,2,0.2,0.5,1,1,0.5,1,11,6
9,1.7,0.6667,99.49,2,2,1,1,0.5,1,0,11,2
2,1.7,1,99.87,2,2,1,2,1,1,1,26,3
14,2.4,1,128.18,1,2,0.5,2,1,0.5,1,32,4
4,1.7,0.6667,102.28,3,2,0.5,1,0.5,1,1,8,2
3,2,1,89.07,2,2,1,2,1,0.5,1,18,3
4,1,0.6667,49.26,2,2,1,3,1,0.5,1,31,3
7,1.5,1,68.39,3,2,0.5,2,1,1,1,18,4
2,1.7,0.6667,66.17,3,1,1,3,1,0.5,1,25,7
12,2.2,0.3333,109.21,2,2,0,2,1,1,0,17,2
12,2.2,0.6667,93,2,2,1,1,0.5,1,1,7,2
3,3.1,0.3333,145.88,2,2,0,1,1,0.5,1,15,2
13,2.2,0.6667,96.73,1,2,1,1,0,1,0,27,4
13,2.4,1,129.4,2,2,0.5,1,1,0.5,0,17,3
12,2,0.6667,103.5,0,2,1,1,0,1,0,7,2
12,2.4,1,90.5,2,2,0,2,1,1,0,23,3
3,2.4,1,115,2,2,1,1,0,0.5,1,5,2
13,2.9,1,224.78,3,2,0,1,0.5,1,1,7,2
13,2.4,0.3333,140.58,3,2,1,1,1,1,1,18,3
2,2.2,1,110,1,2,0,2,1,1,1,46,4
13,2.4,0.3333,124,2,2,0,1,0,0.5,1,11,2
1,1.8,1,48.84,3,2,0.5,2,1,0.5,1,19,4
13,2.4,1,98,3,2,0,2,1,1,0,34,4
12,2.4,0.3333,122.46,1,2,1,2,1,0.5,0,34,4
12,2.4,0.3333,122.46,1,2,1,2,1,0.5,0,34,4
3,2.2,0.3333,89.42,2,2,0,2,1,1,0,18,4
5,2,0.6667,103,2,2,1,2,1,1,0,18,4
1,2.4,0.6667,144,2,2,0.5,1,0.5,0.5,1,6,2
12,2.5,0.6667,144.88,3,2,1,1,0.5,1,1,7,2
3,2.2,1,130,3,2,0.5,1,1,1,1,11,2
12,2.2,0.3333,111,2,2,0.5,1,0.5,0.5,1,6,2
12,2,1,75.13,2,2,0.5,1,0,0.5,1,7,2
12,2.2,0.3333,91,2,2,1,2,1,1,1,26,7
14,0.8,0.6667,50.45,2,0.2,0.5,4,1,0.5,1,28,6
14,1,1,53.81,3,0.5,0.5,3,1,0.5,1,30,7
7,2,1,92.58,2,2,0.5,2,1,1,1,18,6
7,2.4,0.3333,102.89,3,2,0.5,1,1,0.5,1,11,2
12,1,1,38.36,2,2,1,1,0.5,0.5,0,5,9
8,1.5,0.6667,87.2,3,2,1,1,0,1,1,8,3
4,2.4,0.3333,144.33,2,2,1,2,1,0.5,1,18,3
3,2.2,1,107.38,3,2,1,2,1,0.5,1,12,6
7,2.2,0.3333,91,1,2,1,2,1,0.5,1,33,5
4,1.7,1,96.81,1,2,1,2,1,0.5,1,18,3
14,1.9,0.3333,97.59,3,2,0.5,3,1,1,0,33,4
2,1.5,0.3333,62.77,2,0.2,1,2,1,1,1,28,8
1,3.8,1,126.39,2,2,1,1,0.5,1,0,6,2
8,1.7,1,82.93,2,2,0,2,1,0.5,1,25,4
7,2.4,0.6667,139.04,2,2,1,2,1,0.5,1,11,2
7,2.2,1,120.55,2,2,0,3,1,0.5,0,52,3
1,1.7,0.6667,87.92,2,2,0.5,2,1,0.5,1,33,4
1,1.5,0.6667,77.66,2,2,1,2,1,0.5,0,25,4
2,2.4,0.3333,124.76,1,2,0,2,1,0.5,1,32,4
9,1.7,1,85.75,2,2,0,1,0.5,0.5,1,6,2
14,1.7,1,95.01,2,2,0.5,2,1,0.5,1,25,4
2,2.9,0.3333,125.75,3,2,1,2,1,0.5,0,19,4
14,1.7,0.6667,83.33,1,2,1,1,0.5,0.5,1,7,2
14,2.4,0.6667,132.57,2,2,0,3,1,0.5,1,38,4
4,1,0.6667,64.3,3,0.5,0.5,3,1,1,1,20,12
1,2.2,0.3333,101.64,3,2,0,4,1,1,0,46,8
14,1.5,0.3333,79.11,2,2,1,4,1,1,1,45,9
7,1.5,0.6667,61,3,2,0.5,2,1,0.5,1,17,6
2,2.9,1,161.49,3,2,0.5,2,1,0.5,1,12,2
4,3.6,0.3333,122.56,3,2,0.5,2,1,1,0,22,5
4,2.7,0.3333,128.2,2,2,0.5,1,1,1,1,7,2
7,2.2,1,130.82,1,2,0,3,1,0.5,1,45,4
1,1,0.6667,58.09,3,2,1,2,1,0.5,1,23,10
2,1.5,1,71.11,3,2,0.5,1,0.5,0.5,1,8,4
14,1.7,0.6667,84.35,2,2,0,2,1,0.5,1,11,4
1,1.7,1,91.55,2,2,1,2,1,0.5,1,26,6
4,1.7,0.3333,87.05,1,2,0,2,1,0.5,0,33,4
2,1.7,0.3333,79.83,2,2,0.5,2,1,0.5,0,34,4
4,1.3,0.3333,96.02,3,2,0.5,2,1,0.5,1,19,3
14,1,1,65,2,2,0.5,3,1,1,1,27,8
14,1.5,0.6667,60.45,2,2,0.5,1,0.5,0.5,1,6,2
3,2.4,0.3333,134.34,2,2,0.5,1,0.5,0.5,1,6,2
8,0.8,0.6667,48.44,3,0.2,0.5,4,1,0.5,1,18,9
14,1.7,0.6667,89.65,2,2,0.5,2,1,0.5,1,15,6
2,2.9,0.6667,195.51,3,1,0.5,2,1,0.5,1,28,7
2,1.5,1,57.87,3,2,0,2,1,0.5,1,17,8
4,1.5,0.6667,83.37,2,0.2,0.5,2,1,0.5,1,18,6
3,1.7,0.3333,67.53,2,2,1,1,0.5,0.5,1,11,2
5,1.7,1,67.85,2,2,1,2,1,1,0,32,5
2,1.9,1,114.25,3,2,1,3,1,0.5,1,31,8
2,2.9,0.6667,175.27,2,2,0,2,1,0.5,0,31,2
1,2.4,0.6667,108.91,2,2,0,2,1,0.5,1,18,4
1,1,1,51.98,3,0.2,0.5,3,1,0.5,1,26,10
1,2.2,0.3333,104.81,3,2,0.5,2,1,0.5,0,18,4
3,1.7,0.6667,94.5,2,2,0.5,2,1,0.5,0,30,4
4,2.9,0.6667,139.7,3,2,0.5,1,1,0.5,1,11,2
1,2.2,1,84.18,1,2,1,2,1,0.5,1,18,4
3,1.7,0.3333,81.61,2,2,1,1,1,0.5,0,11,2
1,1,1,50.75,3,0.2,1,4,1,1,0,51,4
7,1.7,0.3333,105.02,1,2,1,2,1,0.5,0,31,4
7,1.5,0.3333,54.2,1,1,0.5,3,1,1,1,32,10
1,1,0.3333,65.55,1,2,0,3,1,0.5,1,29,9
9,1.5,1,89,1,2,0.5,3,1,0.5,1,26,8
14,2,0.3333,77.09,2,2,0,4,1,0.5,1,45,9
14,1.5,1,78.84,2,2,0,3,1,1,1,45,6
5,1.7,1,88.51,2,2,1,2,1,1,0,28,4
7,1.7,1,93.98,3,2,0,2,1,0.5,1,32,4
5,2.4,0.3333,128.86,2,2,1,2,1,0.5,0,31,3
2,1,0.6667,50,2,2,0.5,4,1,1,1,18,10
8,2.4,0.6667,117.57,3,2,0,1,1,0.5,1,11,2
2,1.7,1,79.59,3,2,0.5,2,1,0.5,1,34,4
8,2.2,0.6667,87.68,3,2,0,3,1,0.5,1,33,9
11,1.7,0.6667,81.57,1,2,0,2,1,1,1,34,8
4,1.7,0.6667,89.93,2,2,0,2,1,1,1,32,3
3,1.7,0.3333,59.28,2,2,1,2,1,0.5,0,24,4
14,1.7,0.3333,88.62,2,2,0.5,1,1,0.5,1,11,2
14,1,1,53.78,3,2,1,4,1,0.5,1,32,10
10,1.7,1,69.89,2,2,0.5,2,1,0.5,0,31,6
3,2.2,0.6667,98.97,2,2,0.5,2,1,0.5,1,33,3
2,1.7,0.6667,96.95,3,2,0,2,1,0.5,1,18,3
8,1,0.3333,41.92,3,2,0.5,4,1,0.5,0,18,9
3,2.9,0.3333,156.69,2,2,1,2,1,0.5,1,18,4
3,1,1,40.06,3,2,1,3,1,0.5,1,34,8
10,2.4,0.6667,116.98,2,2,0,2,1,0.5,0,44,3
4,1.5,0.6667,54.7,3,2,0.5,1,0.5,1,1,8,4
7,1.7,0.6667,71.23,3,2,1,2,1,0.5,1,17,4
1,2.2,0.6667,96.46,1,2,0,2,1,0.5,0,32,4
1,1.7,0.3333,82.21,2,2,1,1,0,1,0,34,4
3,1,1,56.63,3,0.2,0,1,0.5,0,0,30,4
1,3.4,1,171,2,2,0.5,2,1,1,0,33,4
3,1,0.6667,45,2,2,0.5,1,0.5,1,0,6,4
2,1.7,1,69.23,2,2,1,2,1,0.5,0,25,5
1,2.9,0.6667,125.48,2,2,1,2,1,0.5,0,33,4
3,1.7,0.6667,70.75,2,2,1,2,1,0.5,0,11,6
2,2.2,1,112.05,1,2,1,2,1,1,0,33,4
4,2.9,0.6667,127.86,2,2,0,2,1,0.5,1,26,4
3,3.4,1,120.77,3,2,0,2,1,1,1,18,1
2,1.7,1,99.57,2,1,1,1,0,0.5,1,28,10
9,2.2,0.6667,111.82,2,2,1,1,0.5,1,1,6,2
4,2.4,1,147.71,1,1,1,3,1,0.5,1,26,7
14,1.5,0.6667,58.74,2,2,0.5,1,0,0.5,0,5,9
3,2.4,1,144.77,3,2,0.5,2,1,0.5,1,18,3
2,1.9,0.6667,110.56,3,1,0.5,2,1,0.5,1,23,7
2,2.2,0.3333,112.59,3,2,1,2,1,0.5,1,19,6
1,2.4,0.3333,126.25,3,2,1,2,1,0.5,1,18,3
3,1.7,0.3333,81.33,3,2,0.5,1,1,0.5,1,22,9
2,2.9,1,152.1,2,2,1,1,1,0.5,0,11,2
4,1.7,0.6667,90.27,1,2,1,2,1,1,1,8,2
7,2.4,0.3333,166.24,3,2,1,2,1,0.5,0,56,2
2,2.4,0.6667,142.12,2,2,1,1,1,0.5,0,11,2
7,2.2,0.6667,82.75,2,2,0.5,1,1,0.5,1,11,3
8,3.4,1,170.79,2,2,0.5,1,0,0.5,1,15,4
3,2.4,0.6667,137.37,2,2,1,1,0.5,0.5,0,7,3
1,2.9,0.3333,145.21,2,2,1,2,1,0.5,0,25,4
14,2.9,0.6667,181.88,2,2,1,1,0.5,0.5,0,7,2
3,1.7,0.6667,80.21,2,0.5,0,2,1,1,0,34,5
9,2.2,0.3333,99.74,2,2,1,2,1,0.5,0,16,3
1,2.2,1,111.76,2,2,0.5,1,0.5,0.5,0,7,2
8,2.2,0.6667,101.34,2,2,1,1,0,0.5,1,8,2
1,1.7,0.6667,100,2,2,0,6,1,1,0,53,8
4,1.5,1,82.52,1,2,0.5,1,0.5,0.5,1,6,2
1,2.2,0.6667,120.46,2,2,1,2,1,1,1,23,3
1,2.4,0.6667,138.3,2,2,0.5,2,1,1,0,14,4
3,1.7,0.3333,59.51,2,2,1,2,1,0.5,0,18,4
1,2.2,0.3333,105.17,2,2,1,2,1,0.5,1,18,4
3,1.5,1,53.48,2,2,0.5,1,0.5,0.5,1,6,4
3,1.5,1,51.98,2,2,0.5,1,0.5,0.5,1,6,4
1,2.4,0.3333,119.98,2,2,1,1,1,0.5,1,11,2
3,1.5,0.6667,92.57,3,2,1,1,0.5,0.5,1,8,2
4,2.9,0.3333,151.59,2,2,0.5,1,1,0.5,0,24,4
6,1.7,0.6667,84.22,2,2,1,1,1,1,1,33,4
1,2,0.6667,89.85,1,2,1,1,0,0.5,1,11,4
1,2.9,1,173.75,1,2,1,1,1,0.5,0,12,2
4,1,1,51.31,2,2,0.5,4,1,0.5,0,33,8
3,2.4,0.6667,132.51,2,2,1,1,0.5,0.5,1,6,2
10,2.9,0.6667,148.78,2,2,1,2,1,1,1,24,2
4,0.8,0.6667,33.53,3,1,0.5,6,1,0.5,1,25,5
1,2.2,0.6667,88.27,2,2,1,2,1,0.5,0,34,6
1,2.2,0.6667,123.6,3,2,0.5,2,1,0.5,1,18,4
14,2.4,1,94.36,3,2,1,3,1,1,0,34,8
4,2.4,1,115,2,2,0,2,1,0.5,0,34,4
6,2.2,1,90.8,2,2,1,2,1,0.5,0,24,4
2,1.7,0.6667,91.09,2,2,1,1,1,0.5,1,18,3
2,2.2,0.6667,81.92,2,2,1,1,1,0.5,0,9,3
14,2.4,0.3333,153.03,3,2,1,2,1,0.5,1,18,3
4,2.2,0.6667,93.2,2,2,1,1,0.5,0.5,0,9,2
3,2.9,0.6667,167.16,3,2,1,2,1,1,1,25,3
1,1.5,0.6667,88.6,2,2,1,1,0.5,0.5,1,6,2
2,1.7,0.6667,91.4,3,2,1,2,1,0.5,1,18,4
2,2,0.6667,83.73,2,2,0.5,1,0.5,0.5,1,7,2
3,2.4,1,141.69,3,2,1,2,1,0.5,1,18,3
9,2.2,0.3333,93.34,2,2,1,1,0,0.5,0,18,3
1,1.3,0.6667,100.33,3,2,0,6,1,1,1,40,8
1,1.7,0.3333,81.81,2,2,1,1,0,0.5,0,34,4
1,2.4,1,148.22,2,2,1,1,0.5,0.5,0,6,5
4,1.7,0.6667,84.14,3,2,0.5,1,1,0.5,1,11,3
1,2.9,0.6667,169,2,2,1,1,1,1,1,11,2
2,2.4,0.6667,98.88,3,2,1,2,1,0.5,1,19,6
1,2,0.3333,103.42,3,2,1,1,1,0.5,1,13,3
1,2.2,1,110.19,3,2,1,2,1,0.5,1,26,4
3,2.4,0.3333,117.25,2,2,1,1,0.5,0.5,1,6,2
1,2.4,0.3333,136.35,2,2,0,6,1,1,1,53,8
14,2.4,0.6667,136.52,2,2,1,1,0.5,1,0,8,2
6,2.9,0.6667,116.88,2,2,1,2,1,0.5,0,24,4
4,2.2,0.3333,109.9,2,2,0,1,0,1,0,34,4
1,1.7,1,86,3,2,1,1,1,1,1,11,3
9,2.4,0.6667,132.39,1,2,1,1,0,1,0,6,2
4,2.4,0.6667,112.24,2,2,1,1,0.5,0.5,1,8,4
1,2.2,0.3333,88.58,1,2,1,2,1,0.5,0,33,4
4,1.7,1,88.8,2,2,1,4,1,1,1,48,4
4,2.9,1,190.96,2,2,1,2,1,0.5,0,32,2
4,2.9,1,190.96,2,2,1,2,1,0.5,0,32,2
1,2.2,0.3333,140.38,2,2,1,1,1,1,1,11,2
1,2.9,0.3333,177.07,2,2,1,1,1,0.5,1,11,2
1,1.7,0.6667,89.67,3,2,1,2,1,0.5,1,18,4
9,2.9,0.3333,144.35,2,2,1,1,0,1,1,6,2
1,2.6,1,192.49,2,2,1,1,0.5,0.5,1,46,2
1,1.7,1,76.2,3,2,0,2,1,0.5,1,34,6
11,2,0.3333,76.58,2,2,0.5,1,0.5,1,1,7,2
1,2.7,0.6667,163.07,2,2,0,2,1,1,0,28,3
1,1.7,0.3333,66.24,2,2,0.5,1,0.5,0.5,1,7,2
1,2.4,0.3333,106.01,2,2,1,1,0.5,0.5,1,6,2
1,2.4,0.6667,110.82,2,2,0.5,3,1,1,0,13,6
14,2.4,1,129.4,2,2,1,2,1,0.5,1,18,4
1,1.7,0.6667,70.21,2,2,1,2,1,1,0,34,5
9,2.4,0.3333,109.38,2,2,0.5,1,0.5,0.5,1,6,2
2,2.2,0.6667,113.21,3,2,1,1,1,0.5,1,11,2
3,2.2,1,95.79,2,2,1,1,0.5,0.5,1,7,3
3,2,0.6667,82.55,2,2,0.5,2,1,1,1,24,4
3,2.4,0.6667,111.11,3,2,1,2,1,1,0,34,4
8,2.4,0.6667,120,2,2,0,1,0,0.5,1,31,4
14,2.2,1,140.81,3,2,0.5,1,0.5,0.5,0,7,2
1,1.7,1,90.5,3,2,0,4,1,0.5,0,31,6
1,2.4,0.6667,104.23,2,2,0.5,1,0,0.5,0,34,4
